scope,location_id,location_name,outcome,year,bmi_rate,bmi_rate_lower,bmi_rate_upper,direct_gbd_fraction,direct_gbd_fraction_lower,direct_gbd_fraction_upper,overall_rate,overall_rate_lower,overall_rate_upper,asr_ratio_fraction,fraction_definition_gap_pp,sdi_group_order
global,1,Global,daly,1990,8.960318856,3.903410199,14.82297618,0.0499088878,0.02103606263,0.07910144278,179.5962252,159.8466184,206.985451,0.0498914654,0.001742240282,
global,1,Global,daly,1991,9.170436558,3.961600299,15.34476269,0.05102654782,0.02151347045,0.08116137999,179.7932945,161.1721823,206.2775659,0.05100544258,0.002110523882,
global,1,Global,daly,1992,9.388326063,3.978858809,15.73689608,0.05230395024,0.02210534443,0.08359763822,179.5802853,163.0576118,203.8099615,0.05227926913,0.002468111439,
global,1,Global,daly,1993,9.67760721,4.015500444,15.96272727,0.05369264936,0.02277386352,0.08528399726,180.3267636,163.3589557,205.0102263,0.05366705983,0.002558952469,
global,1,Global,daly,1994,9.967907727,4.097942467,16.07484025,0.05470162974,0.02325728799,0.08691707152,182.361512,165.0735248,208.2867253,0.05466015069,0.004147905165,
global,1,Global,daly,1995,10.31113904,4.264721387,16.54341177,0.05546203905,0.02354360059,0.08836809342,186.0747845,168.5568443,212.4162589,0.05541395124,0.00480878123,
global,1,Global,daly,1996,10.56962767,4.403337106,17.26584136,0.0565033141,0.02396719011,0.09014481569,187.2745523,168.3389889,212.3748656,0.05643920938,0.006410472711,
global,1,Global,daly,1997,10.70274717,4.475364916,17.47036141,0.05764730548,0.02432612716,0.09204136121,185.910443,166.8837866,209.5943418,0.05756937049,0.007793499023,
global,1,Global,daly,1998,10.92272986,4.577653868,17.65805826,0.0589477088,0.0246202723,0.09504876839,185.6299791,167.0572863,210.3923059,0.05884141082,0.0106297982,
global,1,Global,daly,1999,11.22075621,4.694834759,18.01945817,0.06051436084,0.02495010168,0.09663392971,185.813692,167.562204,208.2162479,0.06038713345,0.01272273964,
global,1,Global,daly,2000,11.44590795,4.782017569,18.29394228,0.06214042709,0.02560182129,0.09884635619,184.5871961,166.7232357,205.7196954,0.06200813597,0.01322911215,
global,1,Global,daly,2001,11.61746253,4.881945248,18.49366165,0.06363738501,0.02619380182,0.1007608805,182.9095308,166.149475,202.7717901,0.06351480148,0.01225835395,
global,1,Global,daly,2002,11.77266064,5.027896767,18.60984462,0.06565872216,0.02724914292,0.1034297313,179.6058431,163.2887652,199.7675172,0.06554720289,0.01115192688,
global,1,Global,daly,2003,11.81221777,5.116077995,18.51568018,0.06777837974,0.02838969742,0.1076431239,174.5962772,159.2520083,195.4718739,0.06765446525,0.01239144881,
global,1,Global,daly,2004,11.76835227,5.113666436,18.45443483,0.06950125185,0.02902402805,0.1115851389,169.6962905,153.1782852,190.7782941,0.06934949634,0.01517555184,
global,1,Global,daly,2005,11.8992134,5.192069905,18.72014938,0.07107043079,0.02971396423,0.1151242544,167.8635415,151.5454331,190.473302,0.07088622875,0.01842020466,
global,1,Global,daly,2006,12.07057133,5.254837725,19.11013485,0.07230614804,0.03030606148,0.1172279516,167.4331214,151.353533,189.4454342,0.07209189694,0.02142510979,
global,1,Global,daly,2007,12.25649395,5.31459216,19.67210708,0.07340507263,0.03131819652,0.1182670179,167.4628919,151.661881,188.805565,0.07318931265,0.02157599879,
global,1,Global,daly,2008,12.53468023,5.460898905,20.30686131,0.07503080009,0.03262325614,0.1210391555,167.5470779,150.8005206,188.2613559,0.07481288475,0.02179153366,
global,1,Global,daly,2009,12.6979503,5.50863507,20.18619979,0.07718343992,0.03395797793,0.1234855811,164.9850448,148.3103448,184.5420709,0.07696425036,0.02191895603,
global,1,Global,daly,2010,12.89071757,5.529265045,20.17434022,0.07946023908,0.03546944302,0.1258714614,162.6718839,145.5761137,182.5078563,0.07924367297,0.02165661106,
global,1,Global,daly,2011,13.03537799,5.568973665,20.42457924,0.08190601885,0.03697061463,0.1282898646,159.5605922,142.0012542,178.4012783,0.08169547263,0.02105462232,
global,1,Global,daly,2012,13.21835835,5.639049603,20.67666105,0.0839057364,0.03813798445,0.130517914,157.9145885,140.1827732,176.501504,0.08370574546,0.019999094,
global,1,Global,daly,2013,13.28186864,5.709233649,20.53874079,0.08542619524,0.03903220062,0.1329747256,155.8059517,139.1815924,173.6036087,0.08524622131,0.0179973924,
global,1,Global,daly,2014,13.50153532,5.831955061,20.79142833,0.08700535824,0.0401639537,0.1352253126,155.4804237,138.8853924,172.670941,0.08683752589,0.01678323523,
global,1,Global,daly,2015,13.82243593,5.977934386,21.54916924,0.0887977798,0.0412473366,0.1378744961,155.9337335,140.3862212,172.5597971,0.08864301277,0.01547670331,
global,1,Global,daly,2016,14.02516678,6.062636955,22.07199013,0.09007154377,0.04197887475,0.1401417609,155.9820124,141.0904785,172.0001731,0.08991528295,0.01562608215,
global,1,Global,daly,2017,14.16962201,6.140012912,22.23965056,0.09198390798,0.04303317248,0.1437436929,154.3327967,138.6323112,170.9656232,0.09181212491,0.01717830734,
global,1,Global,daly,2018,14.16075639,6.163503225,22.17453857,0.09463490719,0.04405078149,0.1485235923,149.9129773,133.800358,166.2143215,0.09445984359,0.01750636014,
global,1,Global,daly,2019,14.09962357,6.165597151,21.67724766,0.09743806238,0.04533232889,0.1534186864,144.9676332,130.1739368,162.7143336,0.09726049368,0.01775686975,
global,1,Global,daly,2020,14.20606046,6.265253496,21.64925301,0.09987849054,0.04669537283,0.1566337085,142.5080447,126.5845124,161.7402887,0.09968602464,0.01924659045,
global,1,Global,daly,2021,14.7331863,6.62092368,22.94059352,0.1004783131,0.04695895023,0.1572191919,146.9008143,128.8170022,167.2460196,0.1002934284,0.01848846886,
global,1,Global,daly,2022,15.54418042,7.033494347,24.3858753,0.1031852535,0.04848918331,0.1616826598,150.8817143,132.4951692,172.6194336,0.1030222946,0.016295891,
global,1,Global,daly,2023,16.25629156,7.499152716,25.62213887,0.1051623258,0.04895732128,0.165249217,154.8410803,133.709275,180.0389163,0.1049869423,0.01753835506,
global,1,Global,death,1990,0.3226616993,0.1396165126,0.5253591051,0.05340930047,0.022386827,0.08565037214,6.043242109,5.406082876,6.820279238,0.05339215168,0.001714878795,
global,1,Global,death,1991,0.3305545187,0.1418280993,0.5411996449,0.05448617252,0.02291342881,0.08748844233,6.069354932,5.464910413,6.863873415,0.05446287495,0.002329757307,
global,1,Global,death,1992,0.3389967518,0.1431329908,0.559500648,0.05575126474,0.02359646243,0.09005720197,6.083755195,5.557539283,6.87328781,0.05572162931,0.002963542376,
global,1,Global,death,1993,0.3501814642,0.145202412,0.5783467356,0.05713839981,0.02420660536,0.09165675032,6.131900428,5.587181565,6.892964837,0.0571081459,0.003025391682,
global,1,Global,death,1994,0.3607714502,0.1490390931,0.5845900962,0.05806186648,0.02465542247,0.09299894395,6.218272131,5.688217934,6.978945227,0.05801795782,0.004390866692,
global,1,Global,death,1995,0.3738791193,0.1554885801,0.6043962994,0.05857366025,0.02489202703,0.09380788055,6.38859603,5.846286684,7.138450935,0.0585228926,0.005076765547,
global,1,Global,death,1996,0.3836604112,0.1604341164,0.6301474819,0.05956691609,0.0253232671,0.09528117357,6.448098393,5.888449066,7.17790408,0.05949977618,0.006713990309,
global,1,Global,death,1997,0.3889426688,0.1633589171,0.6402505313,0.06064926575,0.02575588513,0.09718209368,6.42143715,5.850400386,7.144023955,0.06056941144,0.007985431664,
global,1,Global,death,1998,0.3972776894,0.1672213024,0.6484616757,0.06188707431,0.02606151202,0.1000393722,6.430873566,5.832722254,7.148673581,0.06177662883,0.0110445478,
global,1,Global,death,1999,0.4091605459,0.1714903846,0.6608692969,0.06344723831,0.02618788924,0.1015218301,6.462013359,5.884073993,7.098793348,0.06331781183,0.01294264839,
global,1,Global,death,2000,0.4172500952,0.1739550498,0.6633361276,0.06504876592,0.02680336454,0.1037931213,6.427145444,5.88950975,7.044801078,0.06491997089,0.0128795025,
global,1,Global,death,2001,0.4233679968,0.1776607329,0.6762964505,0.06651846401,0.02739322818,0.1053742596,6.376455912,5.873460775,6.978734609,0.06639550287,0.01229611394,
global,1,Global,death,2002,0.4298284125,0.1842084207,0.6735507854,0.06854411862,0.02851766783,0.107235141,6.28115459,5.759706224,6.91808827,0.06843143347,0.01126851493,
global,1,Global,death,2003,0.4319113269,0.1873826147,0.6719537265,0.07066853867,0.02979547394,0.1123214495,6.122012039,5.631782848,6.739975468,0.07055055172,0.01179869501,
global,1,Global,death,2004,0.4303147871,0.1871253552,0.6692236567,0.07228123686,0.03039354161,0.1165919201,5.964748233,5.449854001,6.618013828,0.07214299251,0.0138244353,
global,1,Global,death,2005,0.4360299251,0.1893216026,0.6833515811,0.07370336054,0.03103020568,0.119642436,5.928969885,5.443321673,6.537740979,0.07354227354,0.01610870006,
global,1,Global,death,2006,0.442784892,0.191889068,0.6961169301,0.07477571562,0.0315839774,0.1203078596,5.936197977,5.409521399,6.541726435,0.07459065444,0.01850611782,
global,1,Global,death,2007,0.4500165798,0.1942077224,0.7270668784,0.07570288858,0.03215178295,0.1212581105,5.959289082,5.415309616,6.574819456,0.07551514512,0.01877434656,
global,1,Global,death,2008,0.4612237397,0.2020595305,0.742709145,0.07717335319,0.03347105044,0.1236026026,5.99114718,5.407638519,6.574737848,0.07698421118,0.01891420117,
global,1,Global,death,2009,0.4678820036,0.2045630918,0.7344604172,0.07925490477,0.0348785732,0.1258927346,5.917843435,5.356090571,6.510871009,0.07906292364,0.01919811308,
global,1,Global,death,2010,0.4768435009,0.2069733522,0.7471608977,0.08148242701,0.03644253808,0.1286656169,5.865870356,5.276657823,6.436882033,0.08129117624,0.01912507663,
global,1,Global,death,2011,0.4832728448,0.2090454272,0.7511299137,0.08392640716,0.03789648834,0.1309766767,5.770753568,5.142190027,6.316179433,0.08374518841,0.01812187537,
global,1,Global,death,2012,0.4911330023,0.2117765895,0.7578365879,0.08595173835,0.03904590292,0.1335755499,5.725323085,5.117432453,6.306815004,0.08578258293,0.0169155426,
global,1,Global,death,2013,0.4930444587,0.21247895,0.75204818,0.08741875388,0.03997301374,0.136038499,5.649342667,5.067407683,6.19876089,0.08727465968,0.01440941974,
global,1,Global,death,2014,0.5005577768,0.2155517414,0.7681306665,0.08889326835,0.04098175305,0.1382005664,5.639309888,5.107387201,6.157250854,0.08876223983,0.01310285141,
global,1,Global,death,2015,0.5131328465,0.2215751144,0.7997488201,0.09061023136,0.04210440562,0.1407878695,5.670650727,5.187306349,6.193704931,0.09048923504,0.01209963135,
global,1,Global,death,2016,0.5196318748,0.2245200494,0.8156857108,0.09164775353,0.04302556351,0.1423714661,5.677242159,5.21290453,6.186685234,0.09152892554,0.01188279888,
global,1,Global,death,2017,0.5257080293,0.2274517455,0.8206843611,0.09351391616,0.04417735643,0.1451067351,5.629593966,5.143772951,6.13312703,0.09338293889,0.01309772753,
global,1,Global,death,2018,0.5257858429,0.2283604338,0.8179681271,0.09624150113,0.04527527729,0.1499022411,5.470861986,4.98471697,5.971278393,0.09610658142,0.01349197111,
global,1,Global,death,2019,0.5234665007,0.2297457525,0.8040238873,0.09920783878,0.0466768149,0.1540874887,5.28369786,4.809637097,5.830609042,0.0990719974,0.01358413803,
global,1,Global,death,2020,0.527331493,0.233318409,0.7999193739,0.1017480787,0.04815034851,0.1568170602,5.190249285,4.730062557,5.777814546,0.1016004172,0.0147661442,
global,1,Global,death,2021,0.5429311374,0.2438563183,0.8352235558,0.1020643704,0.04823211068,0.1587349982,5.326856416,4.814096405,5.958534419,0.1019233662,0.01410041393,
global,1,Global,death,2022,0.5708109397,0.2592043699,0.8837371451,0.1044171726,0.049581774,0.1622751878,5.473547938,4.921513502,6.159156231,0.1042853641,0.01318085353,
global,1,Global,death,2023,0.5937955505,0.275154987,0.9334485431,0.1063304482,0.04975754314,0.1662235333,5.591845305,4.86899679,6.281730317,0.1061895525,0.01408957168,
sdi_group,44634,High-middle SDI,daly,1990,7.522198786,3.088613219,13.13999223,0.03236857508,0.01446140256,0.05553114498,,,,,,4
sdi_group,44634,High-middle SDI,daly,1991,7.675496079,3.168076808,13.04261377,0.03338419799,0.01473483562,0.05565369686,,,,,,4
sdi_group,44634,High-middle SDI,daly,1992,7.909102414,3.290378965,12.92152253,0.03466810615,0.01505101089,0.057428455,,,,,,4
sdi_group,44634,High-middle SDI,daly,1993,8.115635222,3.308453175,12.92508589,0.03573210291,0.01545880609,0.05777540965,,,,,,4
sdi_group,44634,High-middle SDI,daly,1994,8.413332115,3.463132797,13.34685193,0.03674047758,0.01592387754,0.05842675775,,,,,,4
sdi_group,44634,High-middle SDI,daly,1995,8.736470299,3.604501075,13.95281578,0.03799903108,0.0162335519,0.06044013283,,,,,,4
sdi_group,44634,High-middle SDI,daly,1996,8.990845694,3.749556202,14.38655878,0.03954342883,0.01683125899,0.06233641013,,,,,,4
sdi_group,44634,High-middle SDI,daly,1997,9.039579085,3.818783309,14.34964213,0.04098148962,0.01739791378,0.06477136041,,,,,,4
sdi_group,44634,High-middle SDI,daly,1998,9.227263548,3.930798944,14.66704489,0.0427014589,0.01800208943,0.06722213978,,,,,,4
sdi_group,44634,High-middle SDI,daly,1999,9.445770394,4.031368579,14.85021693,0.04415041119,0.01839773121,0.07052008289,,,,,,4
sdi_group,44634,High-middle SDI,daly,2000,9.691383439,4.169400766,15.04965228,0.04577344902,0.01937362527,0.07252562161,,,,,,4
sdi_group,44634,High-middle SDI,daly,2001,9.854559038,4.267275593,15.64328069,0.0472264033,0.02052512227,0.0752235869,,,,,,4
sdi_group,44634,High-middle SDI,daly,2002,9.928004781,4.331408591,15.65604962,0.04911752839,0.02149571373,0.07795848911,,,,,,4
sdi_group,44634,High-middle SDI,daly,2003,9.906363841,4.336803633,15.78715982,0.05093925177,0.02220696379,0.08068520526,,,,,,4
sdi_group,44634,High-middle SDI,daly,2004,9.738516929,4.266181227,15.57087512,0.0522040521,0.02257926094,0.08205163629,,,,,,4
sdi_group,44634,High-middle SDI,daly,2005,9.766372828,4.287765531,15.59301106,0.0531494807,0.02318999145,0.08394131967,,,,,,4
sdi_group,44634,High-middle SDI,daly,2006,9.871315041,4.405851679,15.62716514,0.05377218793,0.0237803876,0.08504360416,,,,,,4
sdi_group,44634,High-middle SDI,daly,2007,10.04995782,4.427211659,16.0468894,0.05437525418,0.0236782156,0.0872934288,,,,,,4
sdi_group,44634,High-middle SDI,daly,2008,10.24282811,4.456796877,16.61973524,0.05543875368,0.02435459512,0.09055158374,,,,,,4
sdi_group,44634,High-middle SDI,daly,2009,10.31100451,4.414240284,16.57406752,0.05671801282,0.02492748402,0.09238550983,,,,,,4
sdi_group,44634,High-middle SDI,daly,2010,10.41194543,4.454412793,16.7525673,0.05866799606,0.02641972316,0.09516240117,,,,,,4
sdi_group,44634,High-middle SDI,daly,2011,10.44166373,4.415273577,16.93857111,0.06079407698,0.02771417622,0.09759354259,,,,,,4
sdi_group,44634,High-middle SDI,daly,2012,10.59707257,4.45432319,17.08415959,0.06248351484,0.0286590579,0.0989817635,,,,,,4
sdi_group,44634,High-middle SDI,daly,2013,10.86303645,4.622506387,17.21580474,0.06459655771,0.02930977677,0.1014330842,,,,,,4
sdi_group,44634,High-middle SDI,daly,2014,11.15360589,4.748281223,17.83460761,0.06583235485,0.02998630994,0.1042337052,,,,,,4
sdi_group,44634,High-middle SDI,daly,2015,11.57699382,4.91888548,18.42261073,0.06744865801,0.03041645712,0.1066779456,,,,,,4
sdi_group,44634,High-middle SDI,daly,2016,11.93317127,5.146225844,19.10975117,0.06896261072,0.03137161878,0.1102427726,,,,,,4
sdi_group,44634,High-middle SDI,daly,2017,12.0070669,5.251646097,19.44484087,0.07106751464,0.03272455509,0.1131494511,,,,,,4
sdi_group,44634,High-middle SDI,daly,2018,11.84332405,5.225805912,18.83151298,0.07430867883,0.03408341843,0.1193582421,,,,,,4
sdi_group,44634,High-middle SDI,daly,2019,11.62371542,5.150646354,18.48324435,0.07810144129,0.03553721555,0.1266277894,,,,,,4
sdi_group,44634,High-middle SDI,daly,2020,11.48751017,5.082282239,18.18177909,0.0808390457,0.03660374946,0.1318141121,,,,,,4
sdi_group,44634,High-middle SDI,daly,2021,12.16273368,5.381337196,19.62273989,0.08242568711,0.03718949829,0.1337645311,,,,,,4
sdi_group,44634,High-middle SDI,daly,2022,12.61582382,5.511569462,20.50025698,0.08391112179,0.03758750531,0.1371483384,,,,,,4
sdi_group,44634,High-middle SDI,daly,2023,13.05585528,5.823216816,21.2552706,0.08700633004,0.03868951893,0.1404970639,,,,,,4
sdi_group,44634,High-middle SDI,death,1990,0.2526725025,0.1041076329,0.4392366436,0.03261010212,0.01442608914,0.05609564569,,,,,,4
sdi_group,44634,High-middle SDI,death,1991,0.2582352075,0.1082112064,0.4429537929,0.03359663199,0.01467850037,0.05670493766,,,,,,4
sdi_group,44634,High-middle SDI,death,1992,0.2668693749,0.110884465,0.4390270396,0.0348923352,0.01496480983,0.05804713793,,,,,,4
sdi_group,44634,High-middle SDI,death,1993,0.2738314929,0.1122970179,0.4378518775,0.03592413637,0.01542160582,0.05873015521,,,,,,4
sdi_group,44634,High-middle SDI,death,1994,0.2836605103,0.1175085418,0.4532387127,0.03690679681,0.01589827732,0.05873906177,,,,,,4
sdi_group,44634,High-middle SDI,death,1995,0.295273526,0.1229121383,0.471414512,0.03821772738,0.01622769413,0.06143302093,,,,,,4
sdi_group,44634,High-middle SDI,death,1996,0.3043477907,0.127457756,0.485375162,0.03979388002,0.01678191567,0.06337203806,,,,,,4
sdi_group,44634,High-middle SDI,death,1997,0.3064033631,0.1292259563,0.4883949023,0.04118816126,0.01732325605,0.06551208722,,,,,,4
sdi_group,44634,High-middle SDI,death,1998,0.3138422522,0.1336593302,0.5000663419,0.04289807926,0.01789436251,0.0675868265,,,,,,4
sdi_group,44634,High-middle SDI,death,1999,0.3218248643,0.1378548101,0.5097633654,0.04434378168,0.01836722054,0.07104591469,,,,,,4
sdi_group,44634,High-middle SDI,death,2000,0.3305582714,0.1420727663,0.5210812874,0.04597111014,0.01945126111,0.07332069839,,,,,,4
sdi_group,44634,High-middle SDI,death,2001,0.3366927269,0.1458370872,0.5423956138,0.0475198662,0.02064415868,0.07586830497,,,,,,4
sdi_group,44634,High-middle SDI,death,2002,0.3404962691,0.1486529761,0.5447063439,0.04953514546,0.02189512673,0.07918381605,,,,,,4
sdi_group,44634,High-middle SDI,death,2003,0.340950645,0.1496105781,0.5434785096,0.051541741,0.02269001737,0.08237727933,,,,,,4
sdi_group,44634,High-middle SDI,death,2004,0.3355140596,0.1469786792,0.5364067365,0.05287016631,0.02301237462,0.08335089413,,,,,,4
sdi_group,44634,High-middle SDI,death,2005,0.336643453,0.1472128597,0.5365529491,0.0537234461,0.02340554483,0.0845135726,,,,,,4
sdi_group,44634,High-middle SDI,death,2006,0.3413832126,0.151324126,0.5431467846,0.05421194837,0.02389426372,0.08604312524,,,,,,4
sdi_group,44634,High-middle SDI,death,2007,0.3480582469,0.1513873903,0.5570399171,0.05458866143,0.02422991185,0.08669299382,,,,,,4
sdi_group,44634,High-middle SDI,death,2008,0.3556985682,0.1540778615,0.5723130604,0.0556246847,0.0243795986,0.08989049355,,,,,,4
sdi_group,44634,High-middle SDI,death,2009,0.3590804955,0.1555711023,0.5762215545,0.0568452684,0.02478151397,0.09131252716,,,,,,4
sdi_group,44634,High-middle SDI,death,2010,0.3637982274,0.1580487714,0.5847252392,0.05879238311,0.02628031801,0.0941736941,,,,,,4
sdi_group,44634,High-middle SDI,death,2011,0.3651965522,0.1588813975,0.5884305745,0.06082361816,0.02770978965,0.09691517091,,,,,,4
sdi_group,44634,High-middle SDI,death,2012,0.3703104733,0.1604703231,0.5959093823,0.06234851386,0.02866760295,0.09877744415,,,,,,4
sdi_group,44634,High-middle SDI,death,2013,0.379576338,0.1662988906,0.6017872565,0.06437773463,0.02946354494,0.1013265402,,,,,,4
sdi_group,44634,High-middle SDI,death,2014,0.3889877814,0.170307461,0.6159223557,0.06531423607,0.02996546294,0.1024569924,,,,,,4
sdi_group,44634,High-middle SDI,death,2015,0.4032575747,0.1755869659,0.6380278886,0.06659122059,0.03023233836,0.1046907977,,,,,,4
sdi_group,44634,High-middle SDI,death,2016,0.4151470495,0.1808079193,0.6667682482,0.06765731987,0.03092145448,0.1092760295,,,,,,4
sdi_group,44634,High-middle SDI,death,2017,0.4168411201,0.1846691464,0.6682434114,0.06937068889,0.03205863007,0.1103238581,,,,,,4
sdi_group,44634,High-middle SDI,death,2018,0.410073862,0.1852691474,0.6583740303,0.07242195519,0.0333490699,0.1189456721,,,,,,4
sdi_group,44634,High-middle SDI,death,2019,0.4011435987,0.1813040931,0.6427727537,0.07616129075,0.03490535286,0.1251316714,,,,,,4
sdi_group,44634,High-middle SDI,death,2020,0.3942149355,0.178812815,0.6339366869,0.07857534163,0.03590970352,0.1293870375,,,,,,4
sdi_group,44634,High-middle SDI,death,2021,0.4147154946,0.1865961476,0.6774514699,0.07946974404,0.03621165131,0.1309092312,,,,,,4
sdi_group,44634,High-middle SDI,death,2022,0.428530219,0.1905665678,0.6953689956,0.08050239309,0.03651537259,0.1330170588,,,,,,4
sdi_group,44634,High-middle SDI,death,2023,0.4433324234,0.200786607,0.7276144436,0.08337784957,0.03763523911,0.1355008665,,,,,,4
sdi_group,44637,Low SDI,daly,1990,6.024473114,2.246927064,13.43705861,0.0266478527,0.01049600998,0.04975554672,,,,,,1
sdi_group,44637,Low SDI,daly,1991,6.093279617,2.225013963,13.12427355,0.02697320344,0.01049005809,0.05051960109,,,,,,1
sdi_group,44637,Low SDI,daly,1992,6.086499377,2.232350485,12.42452109,0.02743476975,0.01056146397,0.05077743541,,,,,,1
sdi_group,44637,Low SDI,daly,1993,6.118267691,2.256321138,12.45814929,0.02794861397,0.01070160744,0.05080613967,,,,,,1
sdi_group,44637,Low SDI,daly,1994,6.124416148,2.270977481,12.39389472,0.02838823657,0.01089256153,0.05145728509,,,,,,1
sdi_group,44637,Low SDI,daly,1995,6.146658857,2.414035826,12.52955757,0.02885480779,0.0110495772,0.05348606125,,,,,,1
sdi_group,44637,Low SDI,daly,1996,6.252267374,2.491287313,12.7342177,0.02931140799,0.01113170796,0.05457929825,,,,,,1
sdi_group,44637,Low SDI,daly,1997,6.337276718,2.389003378,12.95022501,0.02969784724,0.01145685537,0.05405324302,,,,,,1
sdi_group,44637,Low SDI,daly,1998,6.525282646,2.443460643,13.23453871,0.0303341718,0.0116512687,0.05533100254,,,,,,1
sdi_group,44637,Low SDI,daly,1999,6.67295786,2.447691355,13.10770386,0.03104464944,0.01196108103,0.05523207269,,,,,,1
sdi_group,44637,Low SDI,daly,2000,6.81584043,2.518905592,13.00663415,0.03189083972,0.01207494683,0.05697338634,,,,,,1
sdi_group,44637,Low SDI,daly,2001,6.951249316,2.566498514,13.76928675,0.03277437753,0.01222817984,0.05912115707,,,,,,1
sdi_group,44637,Low SDI,daly,2002,7.087483216,2.667399384,14.14098032,0.03362392858,0.01283646356,0.060342103,,,,,,1
sdi_group,44637,Low SDI,daly,2003,7.110121004,2.758250404,14.30657798,0.03462632494,0.0135513818,0.0606662575,,,,,,1
sdi_group,44637,Low SDI,daly,2004,7.232782187,2.813568882,14.51535824,0.03591969574,0.01431110692,0.06403496667,,,,,,1
sdi_group,44637,Low SDI,daly,2005,7.397667109,2.931407673,14.66026402,0.03703436828,0.01477027588,0.06618223232,,,,,,1
sdi_group,44637,Low SDI,daly,2006,7.606073703,3.059201929,14.9461513,0.03828225265,0.01458996419,0.06997406495,,,,,,1
sdi_group,44637,Low SDI,daly,2007,7.790107506,3.173105624,15.15342482,0.03962892382,0.01561967336,0.07115953293,,,,,,1
sdi_group,44637,Low SDI,daly,2008,8.017420635,3.164741808,15.43017105,0.04135627145,0.01613779775,0.07251054813,,,,,,1
sdi_group,44637,Low SDI,daly,2009,8.297839028,3.233828139,16.00369237,0.04335288076,0.01706097472,0.07462575282,,,,,,1
sdi_group,44637,Low SDI,daly,2010,8.532610435,3.446471585,16.65282199,0.04508579899,0.01816369694,0.07684261185,,,,,,1
sdi_group,44637,Low SDI,daly,2011,8.745425962,3.587804907,16.66661591,0.04691647871,0.01932291817,0.07919157785,,,,,,1
sdi_group,44637,Low SDI,daly,2012,8.880436747,3.556728973,16.80953232,0.04837305375,0.02015493981,0.08168913966,,,,,,1
sdi_group,44637,Low SDI,daly,2013,9.135054539,3.623674675,17.09617594,0.05003573999,0.02141855903,0.08323369571,,,,,,1
sdi_group,44637,Low SDI,daly,2014,9.318842999,3.751457962,17.62143183,0.05191086401,0.02255945093,0.0848371563,,,,,,1
sdi_group,44637,Low SDI,daly,2015,9.528111365,3.869406003,17.88478511,0.05363659244,0.02348430761,0.08735920879,,,,,,1
sdi_group,44637,Low SDI,daly,2016,9.83701167,3.918338295,18.46167194,0.0553553079,0.02412799295,0.09116599371,,,,,,1
sdi_group,44637,Low SDI,daly,2017,10.15216002,4.135956254,19.05687151,0.05703616577,0.02522353373,0.09381463437,,,,,,1
sdi_group,44637,Low SDI,daly,2018,10.46370765,4.353413524,18.78967785,0.05894900327,0.02628781404,0.09796572539,,,,,,1
sdi_group,44637,Low SDI,daly,2019,10.85931931,4.584924053,19.13934499,0.06086181149,0.02727777242,0.1011150994,,,,,,1
sdi_group,44637,Low SDI,daly,2020,11.30664049,4.642275802,20.31556327,0.06280403578,0.02791254643,0.1053117009,,,,,,1
sdi_group,44637,Low SDI,daly,2021,11.98592627,4.787720219,22.08315458,0.06402999061,0.02821854571,0.1064014073,,,,,,1
sdi_group,44637,Low SDI,daly,2022,13.07821714,5.342232302,24.51378846,0.06774382768,0.02946201726,0.1137324404,,,,,,1
sdi_group,44637,Low SDI,daly,2023,14.66493398,5.846152863,27.48695894,0.07018060127,0.03003541469,0.1150519279,,,,,,1
sdi_group,44637,Low SDI,death,1990,0.1927891486,0.07152674815,0.4332595923,0.02622764265,0.01000000303,0.04912138273,,,,,,1
sdi_group,44637,Low SDI,death,1991,0.1956121356,0.07016681218,0.4249435189,0.02651378229,0.01004797028,0.04994163435,,,,,,1
sdi_group,44637,Low SDI,death,1992,0.1962483798,0.07025947587,0.4062178127,0.02698755373,0.01011456963,0.05062539894,,,,,,1
sdi_group,44637,Low SDI,death,1993,0.1980644478,0.07125875446,0.408800895,0.02748545851,0.01033471355,0.05048584079,,,,,,1
sdi_group,44637,Low SDI,death,1994,0.1989711329,0.07241767491,0.4010214811,0.02790841424,0.01066191259,0.0510290434,,,,,,1
sdi_group,44637,Low SDI,death,1995,0.2005247595,0.07758085982,0.4093342824,0.02836929835,0.010667425,0.05157893655,,,,,,1
sdi_group,44637,Low SDI,death,1996,0.2044549556,0.07891187731,0.4155419081,0.02875167049,0.0107629904,0.05248722637,,,,,,1
sdi_group,44637,Low SDI,death,1997,0.2074812967,0.07781280135,0.4202376021,0.0290774623,0.01097216024,0.05185413192,,,,,,1
sdi_group,44637,Low SDI,death,1998,0.2133303158,0.07857089857,0.4299878661,0.02964325112,0.01142598225,0.05275425949,,,,,,1
sdi_group,44637,Low SDI,death,1999,0.2175970315,0.07858198651,0.426543041,0.03026968899,0.01151977437,0.05313990903,,,,,,1
sdi_group,44637,Low SDI,death,2000,0.2219986332,0.08007212687,0.4232845044,0.03100504186,0.01141801275,0.05527864757,,,,,,1
sdi_group,44637,Low SDI,death,2001,0.2256525927,0.08270142984,0.444755822,0.03175691319,0.01175332606,0.05628013619,,,,,,1
sdi_group,44637,Low SDI,death,2002,0.2297136342,0.08456121731,0.4586065536,0.03245073215,0.012295125,0.05734332997,,,,,,1
sdi_group,44637,Low SDI,death,2003,0.2295993849,0.08745904779,0.4603337004,0.03329891527,0.01304692027,0.05767318935,,,,,,1
sdi_group,44637,Low SDI,death,2004,0.2332407796,0.09143932201,0.4670784433,0.03446599599,0.01361652958,0.05988646976,,,,,,1
sdi_group,44637,Low SDI,death,2005,0.2383301744,0.09377222675,0.4778504472,0.03543205793,0.01401997308,0.06179746984,,,,,,1
sdi_group,44637,Low SDI,death,2006,0.2447521706,0.09641930752,0.4910708804,0.03656689229,0.01388404668,0.06541013083,,,,,,1
sdi_group,44637,Low SDI,death,2007,0.2496982967,0.0993970385,0.4965329959,0.0377894548,0.01447342313,0.06691493134,,,,,,1
sdi_group,44637,Low SDI,death,2008,0.2564470562,0.1006920735,0.4968484333,0.03935525678,0.01519862977,0.0698954336,,,,,,1
sdi_group,44637,Low SDI,death,2009,0.2646464974,0.09916812409,0.5189365795,0.0411901101,0.01604073308,0.07110151684,,,,,,1
sdi_group,44637,Low SDI,death,2010,0.2715498483,0.1072913269,0.5264972611,0.04279725063,0.01703125292,0.07218490964,,,,,,1
sdi_group,44637,Low SDI,death,2011,0.2776551795,0.1116492891,0.53522772,0.04451296036,0.01817770744,0.0760614961,,,,,,1
sdi_group,44637,Low SDI,death,2012,0.2812790032,0.1120673449,0.5503153782,0.04586838234,0.01895543221,0.07825966763,,,,,,1
sdi_group,44637,Low SDI,death,2013,0.2885925972,0.1142152088,0.5514948943,0.04741919502,0.01969704996,0.0797646603,,,,,,1
sdi_group,44637,Low SDI,death,2014,0.2931900755,0.1164324115,0.556402487,0.04923476139,0.02085552496,0.0820530945,,,,,,1
sdi_group,44637,Low SDI,death,2015,0.2990221608,0.1191161152,0.5613336867,0.05083133491,0.02172143308,0.08493423959,,,,,,1
sdi_group,44637,Low SDI,death,2016,0.3078664016,0.12217938,0.582695031,0.05245885192,0.02236095901,0.08699028467,,,,,,1
sdi_group,44637,Low SDI,death,2017,0.3167438301,0.1270711053,0.6027158308,0.05402236729,0.02329704987,0.08962212045,,,,,,1
sdi_group,44637,Low SDI,death,2018,0.3253866987,0.1341456056,0.5999800176,0.05579953184,0.02431920557,0.09281106606,,,,,,1
sdi_group,44637,Low SDI,death,2019,0.3371510223,0.1433760153,0.601490023,0.05760064151,0.02557725569,0.09648376866,,,,,,1
sdi_group,44637,Low SDI,death,2020,0.3513743861,0.1467408073,0.6304668922,0.05933857655,0.02627582387,0.09955165489,,,,,,1
sdi_group,44637,Low SDI,death,2021,0.3714497428,0.1507643192,0.6914715762,0.06053173322,0.02623201718,0.101373825,,,,,,1
sdi_group,44637,Low SDI,death,2022,0.404373113,0.1607836555,0.7643172263,0.06394824598,0.02751171428,0.1065064019,,,,,,1
sdi_group,44637,Low SDI,death,2023,0.4514146793,0.1743768812,0.8486745268,0.06635892956,0.02855624988,0.1099404781,,,,,,1
sdi_group,44636,Low-middle SDI,daly,1990,3.869587494,1.625728379,7.087047196,0.03598055525,0.01496020873,0.06326857743,,,,,,2
sdi_group,44636,Low-middle SDI,daly,1991,3.996665396,1.720152193,7.454365324,0.03710128239,0.01564970847,0.06575501099,,,,,,2
sdi_group,44636,Low-middle SDI,daly,1992,4.064943583,1.72009834,7.505977302,0.03833178025,0.01630084599,0.06859005514,,,,,,2
sdi_group,44636,Low-middle SDI,daly,1993,4.160577122,1.760176312,7.837030711,0.03962615885,0.01687944926,0.07232625119,,,,,,2
sdi_group,44636,Low-middle SDI,daly,1994,4.250562663,1.813953966,8.03842357,0.04087601913,0.01752745578,0.07285793948,,,,,,2
sdi_group,44636,Low-middle SDI,daly,1995,4.329618223,1.861191637,8.569431122,0.04181189912,0.01822913587,0.07229684314,,,,,,2
sdi_group,44636,Low-middle SDI,daly,1996,4.441020802,1.886670483,8.93892029,0.04234878584,0.01865747048,0.07185352631,,,,,,2
sdi_group,44636,Low-middle SDI,daly,1997,4.575038166,1.972356414,9.599603462,0.04302615047,0.01889634017,0.07421491307,,,,,,2
sdi_group,44636,Low-middle SDI,daly,1998,4.748791625,2.010893337,9.536824413,0.04415375985,0.01923566224,0.07865745477,,,,,,2
sdi_group,44636,Low-middle SDI,daly,1999,4.881949274,2.033946389,9.649113277,0.04559140796,0.01933530687,0.08022869682,,,,,,2
sdi_group,44636,Low-middle SDI,daly,2000,5.036610018,2.098004299,10.05581451,0.04708538398,0.01972158645,0.08163346672,,,,,,2
sdi_group,44636,Low-middle SDI,daly,2001,5.140740001,2.148007353,10.24469057,0.04841031019,0.02006388781,0.08353691324,,,,,,2
sdi_group,44636,Low-middle SDI,daly,2002,5.225247011,2.243759837,10.14622507,0.04970128977,0.02027507827,0.08496036221,,,,,,2
sdi_group,44636,Low-middle SDI,daly,2003,5.233755504,2.184339073,9.993838401,0.05095527012,0.02055818293,0.0879178226,,,,,,2
sdi_group,44636,Low-middle SDI,daly,2004,5.256408242,2.191631003,9.828606954,0.05245660911,0.02183568753,0.08981681188,,,,,,2
sdi_group,44636,Low-middle SDI,daly,2005,5.316201365,2.281786291,10.05678053,0.05338054286,0.02277647617,0.08942449883,,,,,,2
sdi_group,44636,Low-middle SDI,daly,2006,5.392632604,2.332502579,10.107137,0.05426927777,0.02361814975,0.09140213123,,,,,,2
sdi_group,44636,Low-middle SDI,daly,2007,5.510431213,2.369416627,10.12517912,0.05523502147,0.02419963062,0.09364903917,,,,,,2
sdi_group,44636,Low-middle SDI,daly,2008,5.669558342,2.385739429,10.18982395,0.05689267858,0.02444668222,0.09523405703,,,,,,2
sdi_group,44636,Low-middle SDI,daly,2009,5.8415278,2.535552122,10.48962167,0.0591684843,0.02577524694,0.09814719098,,,,,,2
sdi_group,44636,Low-middle SDI,daly,2010,6.046501973,2.638422222,11.00907401,0.0613039547,0.02756749797,0.09995575604,,,,,,2
sdi_group,44636,Low-middle SDI,daly,2011,6.233803855,2.633267676,11.16995955,0.06320151395,0.02816324587,0.1037131123,,,,,,2
sdi_group,44636,Low-middle SDI,daly,2012,6.414388833,2.721312496,11.39352044,0.06528795272,0.0292715136,0.1057114988,,,,,,2
sdi_group,44636,Low-middle SDI,daly,2013,6.636758027,2.807011006,11.63034485,0.06753069144,0.03066982265,0.1090445418,,,,,,2
sdi_group,44636,Low-middle SDI,daly,2014,6.808903236,2.772951529,11.8059088,0.06999277799,0.0318323858,0.1135662386,,,,,,2
sdi_group,44636,Low-middle SDI,daly,2015,7.005352367,2.869605258,12.10866238,0.0721570342,0.03275805193,0.1141848557,,,,,,2
sdi_group,44636,Low-middle SDI,daly,2016,7.223146764,2.973297853,12.3412614,0.07393581522,0.03382553307,0.119190909,,,,,,2
sdi_group,44636,Low-middle SDI,daly,2017,7.408981174,2.977473284,12.64167408,0.0754626067,0.03421701478,0.1232208674,,,,,,2
sdi_group,44636,Low-middle SDI,daly,2018,7.633543192,3.066094638,12.67525963,0.07783891642,0.035208916,0.1257343543,,,,,,2
sdi_group,44636,Low-middle SDI,daly,2019,7.920172591,3.243834177,13.04122217,0.08048111799,0.03602242844,0.1310881707,,,,,,2
sdi_group,44636,Low-middle SDI,daly,2020,8.279163867,3.429635373,13.87986031,0.08220714983,0.03644990782,0.1307383075,,,,,,2
sdi_group,44636,Low-middle SDI,daly,2021,8.861303169,3.662290929,15.10837308,0.08253974589,0.03659002772,0.1327180747,,,,,,2
sdi_group,44636,Low-middle SDI,daly,2022,9.281364267,3.79370954,16.32639527,0.08760584963,0.03966386208,0.1406705496,,,,,,2
sdi_group,44636,Low-middle SDI,daly,2023,9.947199431,4.022492692,17.87587931,0.08936013219,0.03961528904,0.1420197127,,,,,,2
sdi_group,44636,Low-middle SDI,death,1990,0.1300322346,0.05360095857,0.2366356324,0.03586344624,0.01479240518,0.0631406244,,,,,,2
sdi_group,44636,Low-middle SDI,death,1991,0.1343565241,0.05662707473,0.2501040913,0.03687043562,0.01526248135,0.06430467848,,,,,,2
sdi_group,44636,Low-middle SDI,death,1992,0.1367399646,0.05801326032,0.2441122425,0.03803933432,0.01591813215,0.06672497192,,,,,,2
sdi_group,44636,Low-middle SDI,death,1993,0.1400493335,0.05945645003,0.2552372171,0.03923523291,0.01660797522,0.06990010246,,,,,,2
sdi_group,44636,Low-middle SDI,death,1994,0.142964182,0.0609449011,0.2670499827,0.04034600401,0.01735573387,0.0711265683,,,,,,2
sdi_group,44636,Low-middle SDI,death,1995,0.1455913104,0.06178729854,0.2864339886,0.04120063203,0.01795238198,0.06995642755,,,,,,2
sdi_group,44636,Low-middle SDI,death,1996,0.1492053707,0.06347051333,0.2994268803,0.04162956213,0.01830132646,0.06971984718,,,,,,2
sdi_group,44636,Low-middle SDI,death,1997,0.1533144194,0.06640835302,0.316821623,0.04214975809,0.0187647714,0.07213747799,,,,,,2
sdi_group,44636,Low-middle SDI,death,1998,0.1587052293,0.06742366419,0.3184414879,0.04317177927,0.0190768404,0.07494717683,,,,,,2
sdi_group,44636,Low-middle SDI,death,1999,0.1627977312,0.06771064706,0.3241602369,0.04447704309,0.01907827551,0.07679667458,,,,,,2
sdi_group,44636,Low-middle SDI,death,2000,0.1673438307,0.0688515814,0.3261347825,0.04578548197,0.0190905969,0.07822688906,,,,,,2
sdi_group,44636,Low-middle SDI,death,2001,0.1706967041,0.07012579062,0.3321397265,0.04695196434,0.01921177055,0.08071331528,,,,,,2
sdi_group,44636,Low-middle SDI,death,2002,0.1732921028,0.07355884341,0.33428981,0.04793320712,0.01924833501,0.08208665576,,,,,,2
sdi_group,44636,Low-middle SDI,death,2003,0.1736055384,0.07147717988,0.3246865891,0.04900686865,0.01983124101,0.08408600527,,,,,,2
sdi_group,44636,Low-middle SDI,death,2004,0.1741956287,0.07165559136,0.320565776,0.05026394325,0.02103362316,0.08647444266,,,,,,2
sdi_group,44636,Low-middle SDI,death,2005,0.1759741479,0.07514597615,0.3290595695,0.05084783662,0.02178398276,0.08612797844,,,,,,2
sdi_group,44636,Low-middle SDI,death,2006,0.1784160202,0.07681131302,0.3275631406,0.05149734776,0.02250815707,0.08754458777,,,,,,2
sdi_group,44636,Low-middle SDI,death,2007,0.1823541883,0.07838651059,0.3310220065,0.05240077424,0.02309215373,0.08833890361,,,,,,2
sdi_group,44636,Low-middle SDI,death,2008,0.187892841,0.07995391394,0.3329417585,0.05403275762,0.02335324707,0.09088560969,,,,,,2
sdi_group,44636,Low-middle SDI,death,2009,0.1938574156,0.08398016512,0.3484921521,0.05633847584,0.02410980448,0.09437784249,,,,,,2
sdi_group,44636,Low-middle SDI,death,2010,0.200891235,0.08745484521,0.3621557774,0.05837123343,0.02583664412,0.09623265322,,,,,,2
sdi_group,44636,Low-middle SDI,death,2011,0.2072957573,0.08852697435,0.3663453188,0.06026275604,0.02679948824,0.09914984261,,,,,,2
sdi_group,44636,Low-middle SDI,death,2012,0.2134408177,0.08932751285,0.3741937898,0.06224150977,0.02779698054,0.1014962665,,,,,,2
sdi_group,44636,Low-middle SDI,death,2013,0.2208912013,0.09368778583,0.3841744563,0.06445348557,0.02934952267,0.1049528909,,,,,,2
sdi_group,44636,Low-middle SDI,death,2014,0.2266874659,0.09376036437,0.3940370891,0.06698173704,0.03047173275,0.107969811,,,,,,2
sdi_group,44636,Low-middle SDI,death,2015,0.2338663673,0.09662814391,0.4035692076,0.06903389856,0.03129342097,0.1098667797,,,,,,2
sdi_group,44636,Low-middle SDI,death,2016,0.2413756381,0.0985424537,0.4116917841,0.07069398804,0.0321343273,0.1143282995,,,,,,2
sdi_group,44636,Low-middle SDI,death,2017,0.2479144197,0.1000072407,0.4226802514,0.07218788061,0.03255039175,0.1179662703,,,,,,2
sdi_group,44636,Low-middle SDI,death,2018,0.2561548138,0.1043597289,0.4293987109,0.07466261662,0.03365388762,0.1216786781,,,,,,2
sdi_group,44636,Low-middle SDI,death,2019,0.2665590528,0.1095854481,0.438472681,0.07738904421,0.03470616985,0.1269446608,,,,,,2
sdi_group,44636,Low-middle SDI,death,2020,0.2790307527,0.1159822299,0.4691523718,0.07906418085,0.03521025212,0.1267799168,,,,,,2
sdi_group,44636,Low-middle SDI,death,2021,0.2974750363,0.1237475463,0.5005527295,0.07991656159,0.03556842976,0.1278485506,,,,,,2
sdi_group,44636,Low-middle SDI,death,2022,0.3124281815,0.1289788565,0.5492742448,0.08453130966,0.03812727972,0.1372050315,,,,,,2
sdi_group,44636,Low-middle SDI,death,2023,0.3338069685,0.1367843941,0.6045063953,0.08626153183,0.03798485321,0.1368666927,,,,,,2
sdi_group,44639,Middle SDI,daly,1990,16.69795274,6.970751644,30.93587384,0.07443867048,0.03233388813,0.1218821889,,,,,,3
sdi_group,44639,Middle SDI,daly,1991,16.27810262,6.849497626,29.47543091,0.07424687045,0.0323042428,0.1197862862,,,,,,3
sdi_group,44639,Middle SDI,daly,1992,16.01033377,6.606198205,28.78927579,0.07438716827,0.03167719438,0.1218104855,,,,,,3
sdi_group,44639,Middle SDI,daly,1993,16.0638353,6.445323237,28.83934833,0.07500104904,0.03104319367,0.1234602372,,,,,,3
sdi_group,44639,Middle SDI,daly,1994,15.9501035,6.54611821,28.15509258,0.07485287575,0.0302291479,0.123770971,,,,,,3
sdi_group,44639,Middle SDI,daly,1995,15.81513727,6.648262807,27.06100101,0.07460634013,0.03077624585,0.1228085473,,,,,,3
sdi_group,44639,Middle SDI,daly,1996,15.62844198,6.582371418,25.94778289,0.07374903157,0.03108771909,0.1205845244,,,,,,3
sdi_group,44639,Middle SDI,daly,1997,15.5861701,6.486778405,26.32541545,0.07408153744,0.03215080018,0.1194821543,,,,,,3
sdi_group,44639,Middle SDI,daly,1998,15.67137798,6.532728801,26.1436157,0.0749707648,0.03300191633,0.1212677136,,,,,,3
sdi_group,44639,Middle SDI,daly,1999,15.6913969,6.493470133,26.06875373,0.07582494646,0.03342149823,0.1210191663,,,,,,3
sdi_group,44639,Middle SDI,daly,2000,15.96275791,6.596277063,26.62272425,0.07748604881,0.03373007088,0.1222571933,,,,,,3
sdi_group,44639,Middle SDI,daly,2001,16.58117231,6.979212236,26.92286838,0.08023439784,0.03490436736,0.1271484567,,,,,,3
sdi_group,44639,Middle SDI,daly,2002,17.26448468,7.53101857,27.54930879,0.08393641563,0.03656750806,0.1318217564,,,,,,3
sdi_group,44639,Middle SDI,daly,2003,17.60369088,7.759541461,28.00031265,0.08739151041,0.03836468142,0.13487014,,,,,,3
sdi_group,44639,Middle SDI,daly,2004,17.80251636,7.957259398,28.49161036,0.08964524065,0.03902508281,0.1399541728,,,,,,3
sdi_group,44639,Middle SDI,daly,2005,17.93155516,7.976631694,28.70997098,0.09211915655,0.04036989434,0.1451147466,,,,,,3
sdi_group,44639,Middle SDI,daly,2006,18.30645632,7.974763231,29.33202468,0.09408863987,0.04132812863,0.148410416,,,,,,3
sdi_group,44639,Middle SDI,daly,2007,18.53271759,8.2405454,29.90536059,0.09570723675,0.04197046555,0.1516185311,,,,,,3
sdi_group,44639,Middle SDI,daly,2008,18.91761138,8.47003434,30.6046741,0.09736318281,0.04376768667,0.155726918,,,,,,3
sdi_group,44639,Middle SDI,daly,2009,19.41827138,8.744803357,31.20040043,0.09970212596,0.04599953742,0.156853819,,,,,,3
sdi_group,44639,Middle SDI,daly,2010,19.76226312,8.950543221,31.33369191,0.1019216077,0.04762351272,0.1580663845,,,,,,3
sdi_group,44639,Middle SDI,daly,2011,20.27555833,9.007496786,32.59167865,0.104349139,0.05020982265,0.1605873968,,,,,,3
sdi_group,44639,Middle SDI,daly,2012,20.50357479,8.877477656,33.1677898,0.1059537305,0.05131753359,0.1635183656,,,,,,3
sdi_group,44639,Middle SDI,daly,2013,19.94243407,8.737570305,32.25985748,0.1050378854,0.05133824576,0.1619575458,,,,,,3
sdi_group,44639,Middle SDI,daly,2014,20.36157993,9.079507966,32.44042265,0.1065986808,0.05216533064,0.1645465869,,,,,,3
sdi_group,44639,Middle SDI,daly,2015,20.992859,9.416087741,32.72439851,0.1086245568,0.0533317403,0.1677434037,,,,,,3
sdi_group,44639,Middle SDI,daly,2016,21.05880247,9.323135484,33.25954232,0.1087222478,0.05352118793,0.1674267198,,,,,,3
sdi_group,44639,Middle SDI,daly,2017,20.88036264,9.208673199,33.31900609,0.1089187314,0.05391594,0.1690241524,,,,,,3
sdi_group,44639,Middle SDI,daly,2018,20.75041652,9.210930901,33.05423689,0.1104460581,0.0549437813,0.1726763774,,,,,,3
sdi_group,44639,Middle SDI,daly,2019,20.49039403,9.385824408,32.36168213,0.1121707926,0.05617453748,0.1749995347,,,,,,3
sdi_group,44639,Middle SDI,daly,2020,20.70801202,9.720160571,32.88097381,0.1145864867,0.0571773166,0.1777531436,,,,,,3
sdi_group,44639,Middle SDI,daly,2021,21.80012789,10.38723573,34.81040458,0.1162414436,0.05659097343,0.1824228391,,,,,,3
sdi_group,44639,Middle SDI,daly,2022,24.30170002,11.72458453,39.91695648,0.1253557207,0.06249318663,0.1953829008,,,,,,3
sdi_group,44639,Middle SDI,daly,2023,25.79141292,11.69930038,41.67446306,0.1284998485,0.06265151059,0.2022397049,,,,,,3
sdi_group,44639,Middle SDI,death,1990,0.6144722566,0.2548548906,1.147847128,0.0780735366,0.03385668784,0.1289176879,,,,,,3
sdi_group,44639,Middle SDI,death,1991,0.5964960467,0.2489860951,1.096963045,0.07763616168,0.03368946423,0.1260909114,,,,,,3
sdi_group,44639,Middle SDI,death,1992,0.5850944722,0.2408703853,1.05267011,0.07768920462,0.03295955987,0.1271808576,,,,,,3
sdi_group,44639,Middle SDI,death,1993,0.5863122879,0.2343378332,1.03988063,0.07826710066,0.03206245349,0.1289638992,,,,,,3
sdi_group,44639,Middle SDI,death,1994,0.5798737781,0.2369002436,1.035879574,0.07798401435,0.03119485096,0.1286723277,,,,,,3
sdi_group,44639,Middle SDI,death,1995,0.5711615317,0.2382233721,1.014268613,0.07748549941,0.03170716957,0.1282899783,,,,,,3
sdi_group,44639,Middle SDI,death,1996,0.5593682381,0.2322760129,0.9522353439,0.07622566253,0.03181475907,0.1251594663,,,,,,3
sdi_group,44639,Middle SDI,death,1997,0.5547280779,0.2266707206,0.9484758297,0.07643261778,0.0327921105,0.1238919532,,,,,,3
sdi_group,44639,Middle SDI,death,1998,0.5569615116,0.2288034557,0.9312382871,0.07737459839,0.03371141343,0.1255204227,,,,,,3
sdi_group,44639,Middle SDI,death,1999,0.5572952289,0.2281866919,0.9265271232,0.07827004055,0.03421920268,0.1263151848,,,,,,3
sdi_group,44639,Middle SDI,death,2000,0.5668434303,0.2316377053,0.9539703887,0.07994088798,0.03470008867,0.1277161135,,,,,,3
sdi_group,44639,Middle SDI,death,2001,0.5880720713,0.2445525689,0.9652097524,0.0826886361,0.03591122244,0.1310743807,,,,,,3
sdi_group,44639,Middle SDI,death,2002,0.6120367963,0.2638772995,0.9885834487,0.08638116427,0.03784403784,0.1354962314,,,,,,3
sdi_group,44639,Middle SDI,death,2003,0.6234394684,0.2719288229,1.003462361,0.08983771157,0.03969359118,0.1402388211,,,,,,3
sdi_group,44639,Middle SDI,death,2004,0.6275806772,0.2766309349,1.002466837,0.09183685731,0.04003328048,0.1448922992,,,,,,3
sdi_group,44639,Middle SDI,death,2005,0.6298354287,0.276385971,1.006508112,0.09407640766,0.04135228108,0.1493811312,,,,,,3
sdi_group,44639,Middle SDI,death,2006,0.6426130893,0.2789992045,1.035130676,0.09589909143,0.04205124974,0.1533508055,,,,,,3
sdi_group,44639,Middle SDI,death,2007,0.6508135988,0.2884032001,1.055806337,0.09741830792,0.0424293773,0.1557798981,,,,,,3
sdi_group,44639,Middle SDI,death,2008,0.6641774211,0.2963964609,1.077812151,0.09892749168,0.04392053749,0.1590556442,,,,,,3
sdi_group,44639,Middle SDI,death,2009,0.6809382585,0.3065607996,1.097592716,0.1011740607,0.0462240487,0.1593992469,,,,,,3
sdi_group,44639,Middle SDI,death,2010,0.6928280215,0.3103650657,1.097853817,0.1033619796,0.04803749056,0.1607457854,,,,,,3
sdi_group,44639,Middle SDI,death,2011,0.7124243005,0.3180904544,1.143223872,0.1059044173,0.05059612841,0.1635683186,,,,,,3
sdi_group,44639,Middle SDI,death,2012,0.7228441664,0.3156791767,1.168976821,0.1076063281,0.05192620065,0.1665546717,,,,,,3
sdi_group,44639,Middle SDI,death,2013,0.7005242854,0.3080349736,1.12845215,0.1064032743,0.05184486511,0.1644348789,,,,,,3
sdi_group,44639,Middle SDI,death,2014,0.7158278038,0.3209068805,1.136242343,0.1079671767,0.05255163203,0.1668539302,,,,,,3
sdi_group,44639,Middle SDI,death,2015,0.7417790836,0.3331366559,1.157920109,0.1101771403,0.05375191304,0.1708653093,,,,,,3
sdi_group,44639,Middle SDI,death,2016,0.7453058675,0.330649158,1.172373663,0.1102250822,0.05403108259,0.171714061,,,,,,3
sdi_group,44639,Middle SDI,death,2017,0.7406293893,0.3274432195,1.183282955,0.110408348,0.05447364279,0.171667302,,,,,,3
sdi_group,44639,Middle SDI,death,2018,0.7378295411,0.3322183389,1.171850773,0.1121432722,0.05567218371,0.1745443898,,,,,,3
sdi_group,44639,Middle SDI,death,2019,0.7300415902,0.3377968032,1.146349124,0.1142136839,0.05702573094,0.1791819781,,,,,,3
sdi_group,44639,Middle SDI,death,2020,0.7425195548,0.3516312967,1.177847971,0.1172691813,0.05835808254,0.1822071572,,,,,,3
sdi_group,44639,Middle SDI,death,2021,0.7856590389,0.3757228906,1.254089878,0.1190903993,0.05768284744,0.1860567222,,,,,,3
sdi_group,44639,Middle SDI,death,2022,0.8817282467,0.4213523395,1.450066495,0.128839884,0.06415582637,0.2002908353,,,,,,3
sdi_group,44639,Middle SDI,death,2023,0.9314239596,0.4224975916,1.511326066,0.131845467,0.06410581628,0.2053339876,,,,,,3
