location_id,location_name,year,bmi_daly_rate,bmi_daly_rate_lower,bmi_daly_rate_upper,bmi_death_rate,bmi_death_rate_lower,bmi_death_rate_upper,gbd_daly_fraction,gbd_daly_fraction_lower,gbd_daly_fraction_upper,gbd_death_fraction,gbd_death_fraction_lower,gbd_death_fraction_upper,overall_daly_rate,overall_daly_rate_lower,overall_daly_rate_upper,overall_death_rate,overall_death_rate_lower,overall_death_rate_upper,sdi,sdi_lower,sdi_upper,asr_ratio_daly,asr_ratio_death,daly_fraction_definition_gap_pp,death_fraction_definition_gap_pp,bmi_daly_rate_rel_ui_width,bmi_death_rate_rel_ui_width,gbd_daly_fraction_rel_ui_width,gbd_death_fraction_rel_ui_width,overall_daly_rate_rel_ui_width,overall_death_rate_rel_ui_width,sdi_rel_ui_width,sdi_quintile_2023
6,China,2023,13.06241831,5.44345959,21.5099226,0.4096025879,0.1692978382,0.6711045714,0.06888612486,0.02890426298,0.1142518544,0.06376480256,0.02719862877,0.1082218982,189.9912471,166.5680889,219.3168378,6.437490377,5.720362806,7.366754659,0.727553274,0.727553274,0.727553274,0.06875273734,0.06362768158,0.0133387521,0.01371209777,1.229976152,1.225106354,1.238966361,1.270658202,0.2776377844,0.2557505731,0,Q3
7,Democratic People's Republic of Korea,2023,15.15163146,4.801268022,32.06656557,0.4582080983,0.1486880308,0.958375288,0.06395399482,0.02375723003,0.1248936763,0.05852121294,0.0214407031,0.1143727625,237.6899592,148.4465674,366.2865715,7.860917327,4.892074084,11.45751454,0.57705994,0.57705994,0.57705994,0.06374535764,0.05828939286,0.02086371849,0.0231820083,1.799495825,1.767073215,1.581393728,1.588006378,0.9164880367,0.8352002936,0,Q2
8,Taiwan,2023,19.37277661,7.612666861,35.48625362,0.6820583795,0.2711372544,1.255225171,0.1021770251,0.04003360713,0.1912892458,0.09302435781,0.03675195112,0.172081066,189.6745288,166.032901,213.6420337,7.334205212,6.335790093,8.277130958,0.881537661,0.881537661,0.881537661,0.1021369434,0.09299690419,0.0040081725,0.002745361769,1.438801847,1.442820653,1.480329247,1.454770751,0.2510043549,0.2646968293,0,Q5
10,Cambodia,2023,5.78392813,1.750478459,12.4238971,0.1949350257,0.05342096663,0.4297065972,0.0374495401,0.0153627634,0.06529645947,0.03710609183,0.01393754203,0.06543441261,154.0024129,94.52514471,237.7799639,5.225580428,3.21199453,8.249519624,0.499953382,0.499953382,0.499953382,0.03755738642,0.03730399491,-0.01078463246,-0.01979030753,1.845358103,1.930313084,1.333359393,1.387827929,0.9302115243,0.9640125462,0,Q1
11,Indonesia,2023,7.934092096,2.70299544,15.69197393,0.2242155234,0.07461625459,0.4409886625,0.05145162351,0.02226288629,0.08857441344,0.04463361683,0.0189723815,0.07785875817,155.0334626,92.35397478,249.0730018,5.046642933,3.000416512,7.984119278,0.665731524,0.665731524,0.665731524,0.05117664252,0.04442864818,0.02749809921,0.0204968655,1.637109619,1.634018923,1.288813115,1.319327916,1.010872262,0.98752831,0,Q3
12,Lao People's Democratic Republic,2023,9.176716862,3.100105135,18.28418954,0.2899235708,0.09668257097,0.598766396,0.04195849662,0.01639680554,0.07614399494,0.03864469307,0.01434467934,0.07257542532,219.632466,137.2116794,320.6758145,7.539994275,4.758699075,11.03812616,0.515008269,0.515008269,0.515008269,0.04178215101,0.03845143116,0.01763456066,0.01932619099,1.654631458,1.731779943,1.423959251,1.50682387,0.8353233856,0.8328158961,0,Q2
13,Malaysia,2023,24.42435253,9.801511632,47.25480343,0.8433540739,0.3388104879,1.641822574,0.09688877493,0.03875437337,0.1721491447,0.08481118516,0.03468007546,0.1481831618,250.9557154,202.0598328,334.1433156,9.888401161,8.228869142,12.74904902,0.770371353,0.770371353,0.770371353,0.09732534877,0.08528720266,-0.04365738384,-0.04760175049,1.533440518,1.545035622,1.376782516,1.338303269,0.5263218755,0.4571193869,0,Q4
14,Maldives,2023,13.22268295,5.3155891,24.47653672,0.506223619,0.1991277712,0.918497292,0.08018718623,0.03218661989,0.1381305918,0.06417926385,0.02474619404,0.1102713829,165.1665302,120.3888284,217.5717914,7.906449308,5.787197876,10.30746343,0.660888616,0.660888616,0.660888616,0.08005667332,0.06402666978,0.01305129066,0.01525940738,1.449096805,1.421050883,1.321208249,1.33259847,0.5883938039,0.5717187806,0,Q3
15,Myanmar,2023,7.128959698,1.924291553,16.96040164,0.2243217642,0.05862554506,0.5078642756,0.0399967135,0.01420114155,0.07763671991,0.03599784837,0.01235411756,0.06998881542,180.7842563,97.14409877,339.9905519,6.319588687,3.406105315,11.7187859,0.532025372,0.532025372,0.532025372,0.03943352062,0.03549626017,0.05631928762,0.05015881967,2.109159081,2.002653341,1.586019771,1.601059521,1.343294256,1.315383168,0,Q2
16,Philippines,2023,9.750517388,3.816266096,17.32978244,0.3348631577,0.122968045,0.6022646082,0.05969041873,0.02599997439,0.1023355214,0.05814068907,0.02483938406,0.101549207,163.5745512,130.1015615,203.5168896,5.765158474,4.581664396,7.182392725,0.669416191,0.669416191,0.669416191,0.05960901203,0.05808394674,0.008140670176,0.005674232956,1.385928132,1.431320682,1.278857623,1.319382762,0.4488187653,0.4511113338,0,Q3
17,Sri Lanka,2023,5.026322422,2.089222504,8.985418975,0.1762265736,0.07203195963,0.3160361156,0.06534697676,0.02773683541,0.1159192503,0.05975926062,0.02506906962,0.1067393032,76.85904957,63.53104528,93.89615203,2.946914975,2.46857049,3.60195274,0.730697976,0.730697976,0.730697976,0.06539662473,0.05980035904,-0.004964796692,-0.004109842261,1.372016336,1.384604779,1.349449037,1.366654016,0.3950752308,0.384599576,0,Q3
18,Thailand,2023,28.23541803,9.931898307,47.56456768,0.9115586253,0.335014532,1.541584574,0.09044211738,0.03475345043,0.1527099108,0.08630625197,0.03318123367,0.1449395517,312.3452527,242.7236986,412.3574546,10.57027986,8.353359533,13.53156893,0.68718778,0.68718778,0.68718778,0.09039810206,0.0862378894,0.004401531574,0.006836256663,1.332817858,1.323634057,1.304220465,1.294904083,0.5430969561,0.4898838505,0,Q3
19,Timor-Leste,2023,2.206636472,0.7506637735,4.843976829,0.07586325321,0.0263337027,0.1788468596,0.01750372101,0.0074623763,0.03638127724,0.01686452222,0.006989133151,0.03585463295,125.5651075,76.73093298,190.9939289,4.470619444,2.713463576,6.826716309,0.484532958,0.484532958,0.484532958,0.0175736438,0.01696929344,-0.0069922783,-0.01047712169,1.855001088,2.010369322,1.652157328,1.711610884,0.90999003,0.9200632673,0,Q1
20,Viet Nam,2023,6.041377422,2.122286843,12.34312498,0.1890644809,0.06343673906,0.4040878248,0.02332455677,0.009842619586,0.04234031755,0.02206296231,0.009139408632,0.04081430356,258.6061283,183.9908568,355.725333,8.546651553,5.982680454,11.67598454,0.64302812,0.64302812,0.64302812,0.02336130803,0.02212146824,-0.003675126489,-0.005850593297,1.691805929,1.801771988,1.393282552,1.435659205,0.6640773649,0.6661444018,0,Q2
22,Fiji,2023,37.96446381,15.73476668,68.09251194,1.268165281,0.5212430329,2.289375563,0.2047271183,0.09517162602,0.3218071349,0.1940079691,0.08885291729,0.3093837152,186.2831843,125.3256983,277.7155579,6.564707038,4.40682547,9.734757724,0.686418864,0.686418864,0.686418864,0.2037997362,0.1931792651,0.09273820419,0.0828703935,1.379125108,1.394244549,1.107012646,1.136709997,0.8180548354,0.8116024406,0,Q3
23,Kiribati,2023,31.2169943,12.52398017,57.6579342,0.8924494954,0.3580214071,1.639582358,0.232081905,0.1128204168,0.3594168609,0.221335467,0.1065405622,0.3467623222,134.9098175,88.22960657,198.3927819,4.044899061,2.627480295,5.915063737,0.542688753,0.542688753,0.542688753,0.2313915686,0.2206357889,0.06903363924,0.06996780658,1.445813572,1.436003894,1.06254059,1.085328815,0.8165690039,0.8127726779,0,Q2
24,Marshall Islands,2023,122.746432,45.37933626,233.6514218,4.142698807,1.492451518,8.098360177,0.2557674826,0.1190427368,0.395246874,0.2411765524,0.1102078608,0.3790717668,482.5446233,243.092361,870.8342115,17.26024103,8.770610841,30.61465133,0.605458023,0.605458023,0.605458023,0.254373225,0.2400139604,0.1394257583,0.1162592016,1.533829395,1.59459062,1.079903256,1.114801183,1.300899068,1.26556984,0,Q2
25,Micronesia (Federated States of),2023,24.11839328,9.989706706,44.07802153,0.7872339457,0.322393573,1.458471599,0.2606991418,0.1269196628,0.3948396854,0.240932202,0.1160114441,0.3751452786,92.63085058,64.79068227,126.0436031,3.270684533,2.335033663,4.474891953,0.596840305,0.596840305,0.596840305,0.2603710656,0.2406939397,0.03280761887,0.02382623581,1.413374201,1.443126318,1.027698138,1.075546698,0.6612583225,0.6542539546,0,Q2
26,Papua New Guinea,2023,27.57703346,9.235797265,60.49944661,0.872823351,0.3144172471,1.929350578,0.1007914328,0.03970082045,0.1831086742,0.09074614567,0.03763365049,0.1569724358,273.9454847,138.1042196,461.6997769,9.627650669,4.869511696,16.06972083,0.43671418,0.43671418,0.43671418,0.1006661361,0.09065797888,0.01252966193,0.008816679663,1.858925451,1.850240749,1.422817891,1.315083791,1.181240705,1.163337715,0,Q1
27,Samoa,2023,32.91827661,13.40657923,60.1115948,1.061360661,0.4299801755,1.928787814,0.2687477255,0.1273637087,0.4059914486,0.2518722311,0.1182361868,0.3887458707,122.581292,75.26069136,184.029172,4.216612034,2.630529246,6.245848337,0.604489559,0.604489559,0.604489559,0.2685424185,0.251709347,0.02053070702,0.01628841404,1.418817155,1.412156765,1.036763155,1.073995663,0.8873171333,0.8573990354,0,Q2
28,Solomon Islands,2023,51.07537018,17.96642661,103.5015641,1.582712034,0.5635994217,3.21266419,0.1771587851,0.07809842582,0.2870421601,0.1603095755,0.06983807994,0.2629935144,288.1566673,168.3939552,502.8078386,9.865376859,5.766015645,17.32595797,0.45802266,0.45802266,0.45802266,0.177248615,0.1604309756,-0.008982993948,-0.01214001184,1.674684632,1.673750317,1.179415033,1.204890187,1.160528009,1.171768954,0,Q1
29,Tonga,2023,211.7540027,89.90212525,368.3503753,6.96903205,2.939246813,12.1400599,0.3168443575,0.1572159506,0.4617346071,0.2922942254,0.1425463411,0.4339512805,668.9698929,438.0948961,972.7685365,23.86992617,15.58866637,34.79564109,0.63599479,0.63599479,0.63599479,0.3165374182,0.2919586764,0.03069393182,0.03355489914,1.314960976,1.320242614,0.9610985624,0.9969575656,0.799249183,0.8046516185,0,Q2
30,Vanuatu,2023,32.91524973,11.71056954,66.61933721,0.9560491757,0.3457204188,1.891842671,0.1785865225,0.07988393978,0.288020075,0.1650958044,0.0729026701,0.268855066,184.4894135,105.6811387,289.2222308,5.795410124,3.34865826,9.023042497,0.47654316,0.47654316,0.47654316,0.1784126748,0.1649666124,0.01738476973,0.01291919643,1.66818627,1.617199504,1.165463845,1.186901125,0.9948597518,0.9791169419,0,Q1
33,Armenia,2023,16.77989614,7.222941205,28.72155221,0.6677454099,0.2847847373,1.175961523,0.1766591538,0.08045725384,0.2960864899,0.171121762,0.07630964197,0.2949442112,94.94669625,83.60602014,106.8229943,3.900790951,3.448714582,4.392235726,0.717334917,0.717334917,0.717334917,0.1767296473,0.1711820547,-0.007049352064,-0.006029268998,1.2812124,1.334605634,1.220594752,1.277654967,0.2445264039,0.2418794434,0,Q3
34,Azerbaijan,2023,30.56479003,13.39454572,54.4115237,1.206894229,0.5211827112,2.168827055,0.1730882507,0.08186046361,0.2837825927,0.1760479981,0.08118209131,0.2913315697,176.0216489,136.960744,236.4966209,6.828195393,5.327429554,9.342812523,0.705297926,0.705297926,0.705297926,0.1736422209,0.176751566,-0.05539701568,-0.07035679239,1.341968256,1.365193655,1.166584839,1.193705584,0.5654751988,0.5880591778,0,Q3
35,Georgia,2023,21.88354449,9.339710134,37.48070135,0.7409660853,0.3145344957,1.251077778,0.2065395358,0.09813494262,0.3273919173,0.1947951452,0.0927524939,0.3119068391,105.6893724,88.84027068,124.2289466,3.794635155,3.20019346,4.378555623,0.754633377,0.754633377,0.754633377,0.207055298,0.1952667529,-0.05157622908,-0.04716077331,1.285943016,1.263948919,1.109990752,1.125050344,0.3348366555,0.3105337177,0,Q4
36,Kazakhstan,2023,15.69523225,6.550074796,26.52805376,0.5954656448,0.2457828356,1.017587012,0.1771219756,0.07702849336,0.2959992648,0.1751810015,0.07522300934,0.2957348619,88.44604284,81.49681404,95.56023526,3.394069749,3.113602215,3.678890971,0.727191018,0.727191018,0.727191018,0.177455449,0.1754429605,-0.03334734165,-0.02619589428,1.272869279,1.296135526,1.236271054,1.258765795,0.1590056578,0.1665518972,0,Q3
37,Kyrgyzstan,2023,13.49598084,5.796436218,22.40828334,0.5362051868,0.2258482364,0.9077461526,0.1709874881,0.08106491357,0.2785973578,0.164417014,0.07622674438,0.2705418208,78.75145127,67.17470174,90.93019675,3.253727785,2.751788148,3.736648544,0.625153433,0.625153433,0.625153433,0.1713743762,0.1647971872,-0.03868881267,-0.03801731795,1.230873644,1.27171078,1.155245021,1.181842874,0.3016515205,0.3026867831,0,Q2
38,Mongolia,2023,292.3182477,126.8053062,484.1828716,11.47032601,4.963171331,19.23346789,0.169618776,0.07754453037,0.2714787473,0.1625186266,0.07122038191,0.2646273137,1720.818253,1402.363157,2097.070471,70.45927216,57.90814071,85.47093993,0.659697833,0.659697833,0.659697833,0.1698716568,0.1627937056,-0.02528808302,-0.02750790284,1.222563313,1.244105577,1.143353475,1.190060093,0.4037075463,0.3911876802,0,Q3
39,Tajikistan,2023,26.65183859,10.68918684,46.71541958,1.086588782,0.4282424478,1.921290877,0.1796769204,0.07946437779,0.2941074136,0.175138111,0.07514317225,0.2950333112,148.6188913,102.2850953,212.3776002,6.215727588,4.258129456,8.92516726,0.551182019,0.551182019,0.551182019,0.1793300862,0.1748128062,0.03468341573,0.03253047765,1.351735364,1.374069431,1.194605491,1.255524213,0.7407705975,0.7508433627,0,Q2
40,Turkmenistan,2023,24.51390433,11.08414199,40.65615389,0.8861246115,0.3929112686,1.48269966,0.1626882569,0.07780676767,0.2603336743,0.1611145791,0.07581156915,0.2637827478,150.5218169,128.9852918,177.0571635,5.496323749,4.700728304,6.446530363,0.682174647,0.682174647,0.682174647,0.1628594767,0.1612213275,-0.01712198124,-0.01067484151,1.206336269,1.2298365,1.121942727,1.166692547,0.3193681332,0.3176308635,0,Q3
41,Uzbekistan,2023,24.66496146,10.34582664,42.97551082,0.9357964573,0.3924417349,1.64111485,0.1835763426,0.07926465081,0.3133208928,0.1789468862,0.07797835642,0.306747996,134.1907281,122.2568017,147.0127546,5.224285122,4.759723961,5.722370951,0.632090937,0.632090937,0.632090937,0.1838052584,0.179124308,-0.02289158264,-0.01774218167,1.322916488,1.33434264,1.274980418,1.278422019,0.1844833341,0.1842638691,0,Q2
43,Albania,2023,21.32556548,8.589687637,40.65993816,0.8725012183,0.3432886369,1.675206004,0.1298922327,0.05296096776,0.2451591415,0.1255488903,0.05078027559,0.2419864493,164.2154858,126.6279118,208.5821176,6.946994766,5.367147089,8.920148215,0.706767038,0.706767038,0.706767038,0.1298633035,0.1255940515,0.002892919935,-0.004516122948,1.503840569,1.526550725,1.479674109,1.522961878,0.4990650264,0.5114443361,0,Q3
44,Bosnia and Herzegovina,2023,20.97396877,8.179569623,38.18251679,0.8769139108,0.3515168125,1.574727392,0.1475501482,0.06018694694,0.2702943962,0.1418307713,0.0574965264,0.261215152,142.2302639,118.7003044,171.1768289,6.18731719,5.1612527,7.475571814,0.712915296,0.712915296,0.712915296,0.1474648798,0.1417276477,0.008526838595,0.01031235816,1.430484974,1.394903838,1.42397315,1.436349981,0.3689547011,0.3740424231,0,Q3
45,Bulgaria,2023,10.36557209,4.532076872,16.63149301,0.389238116,0.1709241497,0.6146437246,0.1560646015,0.07227302597,0.2468974805,0.1534678072,0.07112038848,0.2415116158,66.31583873,60.96416314,71.91514798,2.532803576,2.339602432,2.738762502,0.770862429,0.770862429,0.770862429,0.1563061298,0.1536787612,-0.02415282625,-0.02109539952,1.167269498,1.139969486,1.118924169,1.110273421,0.1651337758,0.1575961414,0,Q4
46,Croatia,2023,12.30003769,5.500706377,20.20724486,0.5108059948,0.2294499644,0.8391153877,0.1786004563,0.08448109224,0.2799334348,0.1749329862,0.08203060881,0.2758938116,68.8409996,61.92423907,77.45747715,2.919529417,2.628966881,3.285984206,0.782133463,0.782133463,0.782133463,0.1786731419,0.1749617565,-0.007268550406,-0.002877031132,1.195649872,1.193536155,1.094355225,1.108214105,0.2256393453,0.2250422007,0,Q4
47,Czechia,2023,11.03194835,5.040780627,16.99056601,0.4688134534,0.2149725706,0.7293674586,0.1974107591,0.09234203476,0.3050098286,0.1934147794,0.08992771237,0.3005198156,55.83981767,51.10032055,62.15778579,2.422050681,2.192426361,2.726859291,0.83103434,0.83103434,0.83103434,0.1975641901,0.1935605464,-0.01534309762,-0.01457670652,1.08319809,1.097227232,1.077285731,1.088810813,0.198021156,0.2206530746,0,Q5
48,Hungary,2023,8.431143041,3.858420475,13.22006081,0.3326784959,0.1520362038,0.5202244541,0.1969663567,0.09314511231,0.3002310699,0.1925994189,0.09259929175,0.2939859441,42.71518122,37.83144146,49.1522508,1.724056947,1.527175472,1.976763938,0.793609757,0.793609757,0.793609757,0.1973804816,0.1929625912,-0.04141248545,-0.03631722702,1.110364311,1.106738953,1.051377306,1.045624403,0.2650301139,0.2607735591,0,Q4
49,North Macedonia,2023,25.99555106,11.39131562,47.88786706,1.100661929,0.4678413331,2.057432978,0.16953761,0.073974077,0.2896427239,0.1681433489,0.06969179431,0.2968827291,153.2199406,129.8494564,184.38659,6.539218263,5.504056956,7.895610707,0.758480094,0.758480094,0.758480094,0.1696616704,0.1683170502,-0.01240604562,-0.01737013639,1.403953752,1.444214252,1.272099135,1.35117408,0.3559401821,0.3657247173,0,Q4
50,Montenegro,2023,25.58369323,10.32764008,48.14784799,1.066326269,0.433190727,1.982619229,0.1857821703,0.07801312032,0.3312081475,0.1822285865,0.07614164905,0.3272571223,137.7699462,103.6479884,177.316825,5.856184385,4.411263235,7.515864543,0.788565722,0.788565722,0.788565722,0.1856986515,0.1820855012,0.008351878535,0.01430852919,1.47829352,1.453052923,1.362859669,1.37802459,0.5347235641,0.5301406349,0,Q4
51,Poland,2023,8.121422811,3.70651508,12.72464131,0.3289354921,0.1509577408,0.5169564853,0.204301428,0.09763007765,0.3101882519,0.2044905408,0.09815624107,0.3109337511,39.71266922,35.95654272,44.17095161,1.607203773,1.457574328,1.783560435,0.847008286,0.847008286,0.847008286,0.2045045818,0.2046632154,-0.02031537908,-0.01726746099,1.110412109,1.112676355,1.04041453,1.040524951,0.2068460533,0.2028281118,0,Q5
52,Romania,2023,10.61324865,4.236357398,17.97080803,0.4090848123,0.1647195901,0.6824410076,0.1427001304,0.06126085265,0.234523024,0.1384896051,0.05943807841,0.2266760273,74.35989599,67.03757265,83.67789357,2.953768242,2.669903859,3.32120145,0.768756849,0.768756849,0.768756849,0.1427281266,0.1384959072,-0.002799612516,-0.0006302128172,1.294085449,1.265560104,1.214169677,1.207584849,0.2237808525,0.2204971877,0,Q4
53,Serbia,2023,24.34133431,10.01394969,42.76826863,1.049182843,0.4295270069,1.858099823,0.1891614764,0.0790176922,0.326268541,0.1855381624,0.0766848881,0.3226200353,128.3888463,109.393297,152.5223974,5.642585046,4.797490828,6.582632015,0.784525117,0.784525117,0.784525117,0.1895907239,0.1859401028,-0.04292475109,-0.04019403828,1.34562545,1.361605201,1.307088809,1.325523246,0.3359256012,0.3163693896,0,Q4
54,Slovakia,2023,13.84527008,6.900427453,22.06237614,0.5731085045,0.2777212608,0.9248014695,0.1801923596,0.08739403514,0.2735203518,0.1802057746,0.08776038373,0.2781304797,76.88881201,67.26776541,88.57029943,3.181622771,2.808710149,3.643671202,0.813141722,0.813141722,0.813141722,0.1800687215,0.1801308784,0.01236381037,0.007489619009,1.095099525,1.129071029,1.032931236,1.056403972,0.2770563553,0.2624324481,0,Q4
55,Slovenia,2023,21.72238368,9.938820311,34.20013227,0.9483297216,0.4285928524,1.490802451,0.1990056582,0.09346554845,0.3123215316,0.1956114716,0.09206547306,0.3076475305,109.223314,94.95066481,122.4897934,4.850050592,4.209926472,5.506832146,0.844865839,0.844865839,0.844865839,0.1988804669,0.1955298617,0.01251912561,0.008160987393,1.11688074,1.120084686,1.099747541,1.102093122,0.2521359921,0.2674004425,0,Q5
57,Belarus,2023,15.7426276,7.297923436,25.75100309,0.5834443799,0.268452622,0.9486558697,0.1927997473,0.09442548738,0.3077205897,0.1946677664,0.09329714155,0.3136741698,81.52567929,72.6296077,92.4722553,2.993000812,2.66408194,3.358014964,0.803625792,0.803625792,0.803625792,0.1931002322,0.1949362585,-0.0300484927,-0.02684920707,1.172172786,1.165840774,1.106303848,1.13206738,0.2433913802,0.2318519333,0,Q4
58,Estonia,2023,18.63131842,8.87625124,28.63883351,0.7541160196,0.3565955929,1.163946805,0.1902047377,0.08863818798,0.2937231905,0.1900357828,0.08936700868,0.2931941629,98.14268859,84.69405406,114.0961985,3.975108645,3.409217747,4.63392824,0.854860197,0.854860197,0.854860197,0.1898390872,0.1897095368,0.03656504951,0.03262460776,1.0607184,1.070592842,1.078232882,1.072572498,0.2995856838,0.3080948478,0,Q5
59,Latvia,2023,17.23415084,7.690249948,27.68232711,0.6679609817,0.2983786577,1.072097551,0.1864829188,0.08873699558,0.296250898,0.1909658479,0.09085629792,0.3011996025,92.26854851,80.79147552,105.9786888,3.49179038,3.067366426,4.016601262,0.8508436,0.8508436,0.8508436,0.1867825073,0.1912946967,-0.02995885664,-0.03288488129,1.160026818,1.158329475,1.112776997,1.101470796,0.2729772356,0.2718476004,0,Q5
60,Lithuania,2023,17.2120181,8.179978165,26.85727021,0.6597322986,0.3117888596,1.044596415,0.1776518986,0.08510414854,0.2818568183,0.1794816959,0.08516489402,0.2861613401,96.95368421,90.37793146,103.436762,3.677262437,3.41668789,3.944738823,0.856187639,0.856187639,0.856187639,0.1775282521,0.1794085437,0.01236464792,0.007315219766,1.085130863,1.110765014,1.107517968,1.119871556,0.1346914312,0.1435989251,0,Q5
61,Republic of Moldova,2023,13.42092063,5.524079875,23.10207091,0.4980859942,0.20397035,0.8660870255,0.1699679139,0.07493030249,0.2803981341,0.1795590863,0.07823507647,0.3007851643,78.71122849,68.86620972,88.9525053,2.765583527,2.410362755,3.115287852,0.733718614,0.733718614,0.733718614,0.1705083365,0.1801015914,-0.05404225779,-0.05425050731,1.309745547,1.329322011,1.208862466,1.239425375,0.2551897101,0.2548919931,0,Q4
62,Russian Federation,2023,12.69692727,5.366848386,21.55468975,0.4989985425,0.2143642061,0.8439953229,0.1753326935,0.07869398747,0.2822779984,0.1816169754,0.08235101059,0.2922078432,72.28579404,64.64661037,81.61534654,2.743419703,2.45272332,3.067284492,0.822523587,0.822523587,0.822523587,0.1756489977,0.1818892464,-0.03163041984,-0.02722710459,1.274941646,1.261789491,1.161129775,1.155491287,0.234745103,0.2240128154,0,Q4
63,Ukraine,2023,8.191141264,3.79506106,13.13597934,0.2805043392,0.1282377356,0.4538350688,0.1735236058,0.08279718766,0.2701485236,0.1787057717,0.08541646718,0.2861172478,47.11534352,40.83577419,53.71220777,1.567087732,1.369265712,1.803010277,0.764530545,0.764530545,0.764530545,0.1738529458,0.1789972147,-0.03293400513,-0.02914430351,1.140368354,1.16075685,1.079687891,1.123079455,0.2732959714,0.276783843,0,Q4
66,Brunei Darussalam,2023,38.97413541,15.96817976,69.75544772,1.346313601,0.5424441435,2.409205147,0.1670270501,0.07411507833,0.277886718,0.1472633327,0.06559825074,0.2434468685,233.4824229,173.737831,297.002702,9.152896699,6.918241361,11.64898644,0.832363947,0.832363947,0.832363947,0.1669253511,0.1470915324,0.01016990384,0.01718003433,1.380075976,1.386572193,1.219991849,1.20769111,0.5279406881,0.5168576943,0,Q5
67,Japan,2023,8.362699651,3.309920631,14.90154115,0.3750771069,0.149702266,0.6674184689,0.0599235286,0.02394896443,0.1067281734,0.05326014529,0.02086764571,0.09136818376,139.5655154,126.3322774,148.5736019,7.042786389,6.116402844,7.638911223,0.875884075,0.875884075,0.875884075,0.05991952689,0.05325691937,0.0004001703604,0.0003225914964,1.386109869,1.380292728,1.381414127,1.323701572,0.1593611753,0.2161798321,0,Q5
68,Republic of Korea,2023,18.98723721,7.887074811,32.59653916,0.725285015,0.3014035461,1.239015044,0.06159706222,0.02809781703,0.09699384234,0.05461351552,0.02475307148,0.08931996111,307.3563731,241.6425507,391.8003293,13.24935408,10.78076599,16.15841864,0.891662727,0.891662727,0.891662727,0.06177596715,0.05474116024,-0.01789049274,-0.01276447198,1.301372289,1.292749027,1.118495312,1.182251115,0.4885461691,0.4058803634,0,Q5
69,Singapore,2023,10.53527842,4.632293891,16.81576384,0.4443907914,0.1893648789,0.7428575443,0.09153032942,0.04092331659,0.1467765407,0.08402507533,0.03631174755,0.1377797854,115.1626479,106.0817408,125.087197,5.290826152,4.793564563,5.772462911,0.869993868,0.869993868,0.869993868,0.09148173133,0.08399270334,0.00485980831,0.003237198699,1.15644499,1.245508854,1.1564825,1.207592346,0.165031427,0.1850180519,0,Q5
71,Australia,2023,25.29993446,12.80883488,40.60770802,1.028567372,0.5155251308,1.62545329,0.205786774,0.1011283529,0.3202249886,0.2018396596,0.09962234585,0.3151450543,122.9407313,114.1786978,131.5424435,5.096555712,4.653988568,5.503650855,0.852886303,0.852886303,0.852886303,0.2057896857,0.2018161735,-0.0002911769137,0.002348607707,1.098772536,1.079101077,1.064677926,1.067791676,0.1412367202,0.1667130382,0,Q5
72,New Zealand,2023,26.7245677,12.47462435,40.91332212,0.9841546604,0.4578605096,1.511749751,0.2503260672,0.1189863476,0.3698079021,0.2430560849,0.1154363399,0.3602758634,106.9975221,93.65212118,120.4167768,4.058835621,3.514878358,4.604594549,0.866430611,0.866430611,0.866430611,0.2497680992,0.242472165,0.05579680004,0.05839199244,1.06414061,1.070857339,1.001979368,1.00733756,0.2501427617,0.2684800009,0,Q5
74,Andorra,2023,31.30334067,11.61965612,63.19379133,1.226076683,0.4545952184,2.45090662,0.1773825366,0.07486720262,0.308779799,0.1772752203,0.07365456937,0.3114438004,176.206473,121.5186294,250.1183273,6.910407573,4.780647902,9.763554728,0.879855839,0.879855839,0.879855839,0.1776514797,0.1774246555,-0.02689431444,-0.01494352748,1.647560104,1.628210885,1.318690109,1.341356286,0.7298239146,0.7210727837,0,Q5
75,Austria,2023,17.93483725,7.961629624,28.76191265,0.7836384288,0.3477724258,1.257434398,0.1689079272,0.0801876793,0.2723058253,0.1652461606,0.07817392392,0.2644495995,106.2700713,97.25264165,117.1366662,4.745844899,4.295994327,5.200422272,0.853959728,0.853959728,0.853959728,0.1687665871,0.1651209522,0.01413400709,0.01252083802,1.159769823,1.160818483,1.137413437,1.127261746,0.1871084145,0.1905725881,0,Q5
76,Belgium,2023,15.10476232,6.844361045,24.79948432,0.6595272782,0.3002528419,1.077368558,0.1690709735,0.07898078254,0.2768272364,0.1651503076,0.07700201007,0.2693790349,89.26532143,81.02048485,96.30878309,3.989578818,3.566500074,4.333828586,0.876976215,0.876976215,0.876976215,0.169211986,0.1653125075,-0.01410124557,-0.01621999134,1.188706111,1.178292,1.170197638,1.164860227,0.1712680579,0.1923332128,0,Q5
77,Cyprus,2023,15.87050628,6.082660681,28.54952278,0.7482974526,0.2852001616,1.386236679,0.1919855643,0.08505571958,0.3172720527,0.1889787173,0.08399883301,0.3173893849,82.60665062,56.63656429,114.5846729,3.95741746,2.735290165,5.505627816,0.855816058,0.855816058,0.855816058,0.1921214111,0.1890873177,-0.01358467478,-0.01086003813,1.41563613,1.471388836,1.209551009,1.235009715,0.7014944696,0.7000367484,0,Q5
78,Denmark,2023,12.23245548,5.462575296,19.19813754,0.5319678363,0.2345470629,0.8458501999,0.161487849,0.07163286846,0.2634183985,0.15452919,0.06809673007,0.2539722785,75.88238903,67.7687204,83.5589542,3.44805851,3.066896172,3.799156397,0.915990253,0.915990253,0.915990253,0.1612028251,0.1542803972,0.02850239616,0.02487928558,1.12287858,1.149135521,1.187615856,1.202850726,0.2080882535,0.2123688515,0,Q5
79,Finland,2023,19.64580369,9.39955476,30.80497585,0.9008504292,0.4266454905,1.417998459,0.1849136189,0.08902380107,0.2876385399,0.1811391664,0.08685470475,0.2835170328,106.3497323,94.33565248,117.7578659,4.978041728,4.423491971,5.523665832,0.89081503,0.89081503,0.89081503,0.1847282854,0.1809648208,0.01853334938,0.01743455499,1.089567086,1.100463447,1.074094705,1.085697434,0.2202376339,0.2210053513,0,Q5
80,France,2023,26.08861865,12.42162637,40.87819573,1.118965235,0.532509407,1.754730063,0.179736369,0.08464977551,0.2774123587,0.1801673527,0.08470071504,0.2790775605,145.1455359,131.811549,159.5063269,6.21170987,5.669622786,6.776940331,0.86109871,0.86109871,0.86109871,0.1797411025,0.180138039,-0.0004733498417,0.002931373969,1.090765661,1.092277596,1.072474003,1.0788683,0.1908069562,0.1782629209,0,Q5
81,Germany,2023,18.52139875,8.499330679,29.87437139,0.7980686479,0.3719821151,1.277492489,0.1803942287,0.08434835643,0.2853093919,0.1780527914,0.08396780721,0.2791962243,102.6399199,96.24781624,108.9811356,4.48244785,4.134320186,4.800072208,0.878636199,0.878636199,0.878636199,0.1804502455,0.1780430413,-0.00560168892,0.000975004376,1.154072703,1.134627173,1.114010337,1.09646367,0.1240581577,0.1485242092,0,Q5
82,Greece,2023,19.06478393,9.063333751,29.46017651,0.7979401088,0.3772284807,1.225883692,0.2103849696,0.09944934213,0.3236679142,0.2131113585,0.1016499802,0.324423536,90.51926318,80.48379331,101.7197821,3.740230356,3.337135877,4.256839995,0.831148242,0.831148242,0.831148242,0.2106157657,0.2133398301,-0.02307961416,-0.02284716074,1.069870124,1.063557531,1.065753758,1.045338725,0.2346018739,0.2458950466,0,Q5
83,Iceland,2023,16.43437199,7.241710177,27.84355041,0.716699579,0.3175957952,1.228350308,0.1786863845,0.07922661643,0.2956423158,0.174213771,0.07690105581,0.2899450152,92.28626855,79.2102816,105.391748,4.128587098,3.523782332,4.708387446,0.888965507,0.888965507,0.888965507,0.1780803607,0.1735943949,0.06060238312,0.06193760571,1.253582446,1.270761892,1.211148236,1.222888169,0.2836983959,0.2869274852,0,Q5
84,Ireland,2023,19.36852175,8.696712608,30.04579944,0.8764415241,0.3997633887,1.366235697,0.2047450866,0.09834305399,0.3202609843,0.1970664888,0.09532477495,0.3050581874,94.73849184,84.71252542,106.4832962,4.453944612,3.966932373,5.029111004,0.906907098,0.906907098,0.906907098,0.2044419473,0.196778721,0.03031392928,0.02877677504,1.102256904,1.102723093,1.083874266,1.064277411,0.2297985787,0.2384804311,0,Q5
85,Israel,2023,10.0064521,4.481690125,15.71769325,0.4373078914,0.1984646745,0.6826912004,0.1909173612,0.09095767055,0.2946725187,0.188903658,0.09160863187,0.2896002279,52.36799045,46.72121408,58.7993434,2.312965407,2.08911822,2.586184349,0.840929726,0.840929726,0.840929726,0.191079551,0.1890680639,-0.01621897718,-0.01644058987,1.122875822,1.107289705,1.067031552,1.048108851,0.2306395416,0.2149042643,0,Q5
86,Italy,2023,15.69357319,6.932755703,25.50029715,0.6853877166,0.3013003648,1.111661502,0.1608188855,0.07115302343,0.2608373613,0.1596771789,0.07071850099,0.2584206205,97.73699965,87.44890613,107.2982405,4.298055046,3.82294538,4.712334071,0.834438992,0.834438992,0.834438992,0.1605694184,0.1594646205,0.02494671164,0.02125584022,1.183130268,1.182339743,1.179490439,1.175509994,0.2030892542,0.206928176,0,Q5
87,Luxembourg,2023,19.84493059,9.374814576,30.60040919,0.8898293231,0.4307435124,1.366631659,0.1952097307,0.09360831296,0.2999741999,0.1934872804,0.09442960167,0.2957679315,101.8989365,87.89147772,116.7914375,4.609796679,3.964794911,5.284362749,0.89475691,0.89475691,0.89475691,0.194751106,0.1930300586,0.04586246923,0.04572217647,1.06957263,1.051761414,1.057149591,1.040576566,0.2836139491,0.2862529368,0,Q5
88,Malta,2023,11.71668975,5.374192911,19.71831158,0.4892238911,0.2238450305,0.8353022506,0.2015788958,0.09118010093,0.3297148895,0.1925439939,0.08604854615,0.3197168847,58.32186967,50.33355684,67.48332027,2.549478412,2.201866707,2.946508927,0.830491207,0.830491207,0.830491207,0.2008970188,0.1918917567,0.06818770542,0.06522372222,1.224246693,1.249851512,1.183332152,1.213584147,0.2940537319,0.2920762996,0,Q4
89,Netherlands,2023,11.67562769,5.549029481,18.16749137,0.5277566669,0.2481173538,0.8297004937,0.1630510217,0.07662431912,0.247382351,0.1585032171,0.07510405319,0.2398950911,71.62704453,66.15101199,76.89937604,3.330277626,3.020360766,3.61293769,0.908399773,0.908399773,0.908399773,0.1630058557,0.1584722735,0.004516596271,0.003094362384,1.080752335,1.101991081,1.047267475,1.039669988,0.1500601361,0.1779361933,0,Q5
90,Norway,2023,12.12043833,5.506293685,19.90334647,0.4848615845,0.2168335219,0.7986326122,0.1446411703,0.06880745196,0.2407234541,0.1407341029,0.06610688965,0.2342885867,83.99924874,72.10900817,94.97987961,3.452894742,2.977872062,3.925736402,0.916927776,0.916927776,0.916927776,0.144292223,0.140421768,0.03489472731,0.03123348157,1.187832683,1.199928204,1.188568938,1.195031578,0.2722747142,0.2745129554,0,Q5
91,Portugal,2023,23.71960533,11.38624845,37.86484778,0.9569135921,0.4565952411,1.519391842,0.1927887675,0.09224329393,0.3028706848,0.1916039336,0.0913787378,0.3021155644,123.1810761,109.7883007,138.0821306,5.000710016,4.452229507,5.604380493,0.78646394,0.78646394,0.78646394,0.1925588417,0.1913555453,0.02299258616,0.02483882829,1.116317028,1.110650543,1.092529371,1.099856473,0.2296929914,0.23039748,0,Q4
92,Spain,2023,23.73580485,11.32403504,38.33346095,1.020123919,0.4874273259,1.647624956,0.1959580217,0.09128707045,0.3093186772,0.1972097231,0.09155513878,0.3094275328,121.111291,111.3421837,130.5551856,5.173116499,4.650723494,5.548520462,0.811819795,0.811819795,0.811819795,0.1959834187,0.1971971671,-0.002539696456,0.001255603649,1.137919109,1.137310486,1.112644457,1.104775113,0.1586392298,0.1735505024,0,Q4
93,Sweden,2023,10.6454255,4.758172562,17.27165743,0.4692402906,0.2101583439,0.7606440374,0.1546275431,0.06740079881,0.2537794571,0.1503672295,0.06584116438,0.2453378056,68.9287952,63.39548338,74.2525027,3.124516888,2.821793868,3.399206815,0.910927944,0.910927944,0.910927944,0.1544409049,0.1501801102,0.01866382182,0.01871192488,1.175480009,1.173142427,1.205339325,1.19372181,0.1575106497,0.1848007124,0,Q5
94,Switzerland,2023,12.64473535,5.658015118,20.25756874,0.5686468991,0.2536418858,0.9135194915,0.1616888128,0.07132068202,0.2582985861,0.1575232415,0.06884972749,0.2549463246,78.19952566,71.27668623,83.43262822,3.609059401,3.2212072,3.883173128,0.946050659,0.946050659,0.946050659,0.1616983638,0.1575609697,-0.0009551033124,-0.003772822425,1.154595428,1.160434721,1.156405943,1.181391364,0.1554477714,0.1834178534,0,Q5
95,United Kingdom,2023,26.09041018,12.2470579,41.17816247,1.100316102,0.5054935157,1.752094986,0.2014174823,0.09669760755,0.3178093733,0.1947668435,0.09447816598,0.3091344617,129.5302394,119.5896451,140.3571823,5.649198738,5.152645372,6.067694411,0.880444683,0.880444683,0.880444683,0.2014233147,0.1947738349,-0.0005832433128,-0.0006991429418,1.108878871,1.132948494,1.097778421,1.102119293,0.1603296444,0.1619785532,0,Q5
97,Argentina,2023,7.930650794,3.641627194,12.69298284,0.3089496661,0.141634644,0.4925939787,0.2367086726,0.1159457113,0.3628262773,0.2343737635,0.1146315547,0.3628432725,33.46501371,29.704704,38.65477598,1.316917699,1.16746396,1.516509698,0.764786183,0.764786183,0.764786183,0.2369833422,0.2346005877,-0.02746696164,-0.02268241423,1.1413131,1.13597577,1.042972204,1.059042249,0.2674456391,0.2650474954,0,Q4
98,Chile,2023,17.46682347,8.103037465,28.35270284,0.7478786452,0.346209867,1.224313609,0.2258292112,0.1081805983,0.3498980221,0.2186675015,0.1043834725,0.3415748035,77.26421054,69.70836085,85.78481266,3.416917281,3.059822779,3.79662504,0.788533125,0.788533125,0.788533125,0.2260661612,0.2188752562,-0.02369499543,-0.02077547062,1.159321579,1.174125973,1.070354993,1.084712312,0.2080711328,0.2156336253,0,Q4
99,Uruguay,2023,15.3513656,6.92228729,25.16265477,0.6100819808,0.2726443375,1.007748338,0.2063655611,0.09988201964,0.3234664244,0.2047572594,0.09953696763,0.3202422052,74.33000648,64.891276,86.43141688,2.977492662,2.61081836,3.450030298,0.745444259,0.745444259,0.745444259,0.2065298569,0.2048978957,-0.01642958393,-0.01406363069,1.188191849,1.20492659,1.083438552,1.077887242,0.2897906498,0.2818518914,0,Q4
101,Canada,2023,21.28682768,9.676819835,33.194479,0.886063707,0.4075058886,1.372072825,0.1952179617,0.08940765408,0.2957779579,0.1901375804,0.08704046772,0.2883624485,109.1359439,101.6237993,116.8388351,4.664071918,4.301505785,5.02592638,0.887304675,0.887304675,0.887304675,0.1950487339,0.1899764246,0.01692278596,0.0161155832,1.104798682,1.088597726,1.057127643,1.058822671,0.1394136087,0.1553193449,0,Q5
102,United States of America,2023,25.91278742,12.72447315,38.35048128,1.020709166,0.4991243768,1.533759212,0.2395493592,0.1160285429,0.3536544909,0.2349008859,0.1136711319,0.3467450382,108.214143,101.9376481,114.2680589,4.347043992,4.057665576,4.601248217,0.876475276,0.876475276,0.876475276,0.2394584174,0.2348053455,0.009094176939,0.009554048924,0.9889329044,1.013643131,0.9919707105,0.9922223381,0.1139445406,0.125046501,0,Q5
105,Antigua and Barbuda,2023,9.532046914,3.968645237,16.91102697,0.3450711751,0.1412126636,0.6170856995,0.1693690809,0.07086859604,0.2951262451,0.1576081555,0.06653779763,0.2807150026,56.22376438,48.39405828,65.48318337,2.187914429,1.871003828,2.529404358,0.755852569,0.755852569,0.755852569,0.169537686,0.1577169429,-0.01686051541,-0.01087873604,1.357775707,1.379057627,1.324076672,1.358922096,0.3039484331,0.3009260878,0,Q4
106,Bahamas,2023,20.23516493,8.709733255,33.27790336,0.702979828,0.3022130992,1.18716425,0.2304598714,0.1077915814,0.3660948813,0.2109969919,0.09567561444,0.3357971738,87.64137799,74.89509499,101.5007878,3.326353192,2.853465744,3.817183647,0.813601011,0.813601011,0.813601011,0.2308859742,0.211336496,-0.04261027402,-0.03395040442,1.214132437,1.258857105,1.120816819,1.138033093,0.3035745605,0.2897220611,0,Q4
107,Barbados,2023,12.36525957,5.540062421,20.31634347,0.4770203372,0.2161555951,0.795810483,0.1961292234,0.09648667508,0.3090405205,0.1834088597,0.09022524136,0.2881126753,62.96078031,55.39031552,71.79245708,2.597303811,2.276912532,2.995601466,0.754794961,0.754794961,0.754794961,0.1963962249,0.1836598149,-0.02670014329,-0.02509552582,1.194983491,1.215157599,1.083743879,1.078941521,0.2605136322,0.2767057637,0,Q4
108,Belize,2023,11.27037095,4.521883543,19.39803045,0.42777383,0.1749307967,0.7402610636,0.1684083057,0.07452680692,0.2785287871,0.1679017796,0.07384426813,0.2816316773,66.8058234,57.39782508,76.87125982,2.543660094,2.186761778,2.911555211,0.628475098,0.628475098,0.628475098,0.168703421,0.1681725601,-0.02951152782,-0.02707805176,1.319934098,1.321563469,1.211353438,1.237553346,0.2914930726,0.2849411505,0,Q2
109,Cuba,2023,5.87896778,2.451876965,10.10427174,0.2231267269,0.0916985653,0.3889684584,0.1851517175,0.08077428907,0.3069449536,0.1707959396,0.07427535875,0.2829328394,31.68106744,27.24293706,36.95130364,1.303660593,1.11385791,1.518984869,0.694880527,0.694880527,0.694880527,0.1855672253,0.1711540014,-0.04155078452,-0.03580617932,1.301656185,1.332291731,1.221542352,1.221677056,0.3064406401,0.3107610688,0,Q3
110,Dominica,2023,12.89241287,5.326532753,22.52338983,0.4821555685,0.1974127489,0.8335046937,0.2099242503,0.09413902175,0.3401671646,0.1975419336,0.0865288337,0.3300244386,61.5042975,45.85636073,82.03053848,2.444046715,1.826306112,3.183017163,0.75366422,0.75366422,0.75366422,0.2096180819,0.1972775584,0.03061683967,0.02643752416,1.333874214,1.31926703,1.171985336,1.232627425,0.5881569128,0.5551084776,0,Q4
111,Dominican Republic,2023,8.678236488,3.312335425,16.39062033,0.3175056355,0.1230256949,0.6112825932,0.1325437596,0.05593379754,0.2297739243,0.1229895356,0.0514787023,0.2145613176,65.42609142,47.44369576,87.39915667,2.579709171,1.865730019,3.465313929,0.658091059,0.658091059,0.658091059,0.1326418299,0.1230780737,-0.00980702514,-0.008853808887,1.507021032,1.537789707,1.311567797,1.325987731,0.6106961312,0.6200636602,0,Q3
112,Grenada,2023,6.730929346,2.769162181,12.12585738,0.2336154964,0.09562240613,0.4294298246,0.1558043093,0.06957946372,0.2668504127,0.1415800438,0.0625482858,0.2465562536,43.08290991,35.70707154,51.82689209,1.645538991,1.378021271,1.993873954,0.678048084,0.678048084,0.678048084,0.1562320038,0.1419689826,-0.04276945187,-0.03889388392,1.390104505,1.428875326,1.266145653,1.299674466,0.3741581194,0.3742559047,0,Q3
113,Guyana,2023,15.15434259,6.301192213,26.40105567,0.5217278348,0.2147402089,0.9293597844,0.1629004878,0.07140885061,0.277245898,0.1547048365,0.06639838124,0.2671654356,92.96095452,80.61308704,108.4759706,3.370446625,2.919632982,3.951678845,0.695580314,0.695580314,0.695580314,0.1630183626,0.1547948663,-0.01178747333,-0.009002982821,1.326343478,1.369717174,1.26357539,1.297742585,0.2997267368,0.3062044818,0,Q3
114,Haiti,2023,4.778012923,1.564537358,9.467079315,0.1574427519,0.05130855738,0.3113122079,0.06657997117,0.02633096142,0.1164940699,0.06035481179,0.02346123813,0.1076021441,71.86767423,40.43229062,112.7916383,2.609271541,1.436716942,4.054474684,0.463794706,0.463794706,0.463794706,0.06648347778,0.06033973444,0.009649338821,0.001507734596,1.653939009,1.651417086,1.354207684,1.394104356,1.006841372,1.003252326,0,Q1
115,Jamaica,2023,5.602212682,2.098890495,10.13698832,0.2135741789,0.08016609396,0.4018378356,0.1106095108,0.04411576579,0.1966067283,0.1117934624,0.04434818352,0.1969925352,50.46597457,42.83007263,60.00486813,1.903059002,1.603486909,2.223239294,0.691833531,0.691833531,0.691833531,0.1110096997,0.1122267773,-0.04001888771,-0.04333149294,1.434807688,1.506135916,1.378642409,1.365413938,0.3403242609,0.3256611508,0,Q3
116,Saint Lucia,2023,6.910625024,3.124767219,11.37775973,0.2392321653,0.1056951839,0.3966148643,0.1771304636,0.083785568,0.2827825932,0.1640689689,0.07628896298,0.2627898445,39.018988,34.00910346,45.17684297,1.458494124,1.26710774,1.686497609,0.70288814,0.70288814,0.70288814,0.1771092839,0.1640268283,0.00211796943,0.004214064927,1.1942469,1.216055876,1.123448904,1.136722457,0.2862129462,0.2875499206,0,Q3
117,Saint Vincent and the Grenadines,2023,6.102094644,2.3910848,11.19570384,0.2045726072,0.08238678816,0.3666017087,0.1080697169,0.04393620557,0.2041010825,0.09956728386,0.04032268876,0.1867634954,56.44659468,46.88374876,65.14473456,2.054981311,1.714787204,2.350198632,0.65846284,0.65846284,0.65846284,0.1081038578,0.0995496193,-0.003414085457,0.00176645548,1.442884706,1.389310741,1.482051415,1.470772335,0.3235090781,0.3092054537,0,Q3
118,Suriname,2023,8.510025289,3.311015782,16.71752273,0.2965683182,0.1155944336,0.5638418148,0.120498456,0.049005861,0.2210685105,0.1144053047,0.04580613923,0.2081144082,70.75182326,48.43901418,101.9343921,2.597633639,1.807130616,3.648346069,0.654870057,0.654870057,0.654870057,0.1202799433,0.1141686471,0.02185127029,0.02366576622,1.575378039,1.511447291,1.427924102,1.418712789,0.7560989305,0.7088049005,0,Q3
119,Trinidad and Tobago,2023,11.71725923,4.918363453,20.20903707,0.4350498374,0.1804683082,0.76978976,0.1842836843,0.08038418799,0.3104027533,0.1686292711,0.07429750597,0.2889535424,63.49593576,55.25058278,73.23171232,2.57735343,2.236059623,2.950577742,0.770448612,0.770448612,0.770448612,0.1845355784,0.1687971205,-0.02518941451,-0.01678493487,1.304970157,1.354606763,1.248176507,1.272946476,0.2831855193,0.27722939,0,Q4
121,Bolivia (Plurinational State of),2023,15.95380425,6.229771405,28.87229629,0.6174278375,0.2387482947,1.136520939,0.1833732731,0.08413786791,0.2909572387,0.1824690049,0.08192250335,0.2990416754,87.24069975,60.2370602,123.5842432,3.393346804,2.319785663,4.836587121,0.631803304,0.631803304,0.631803304,0.1828711175,0.1819524714,0.05021555929,0.05165334579,1.419255529,1.454052749,1.127859951,1.189896181,0.7261196119,0.7416870725,0,Q2
122,Ecuador,2023,12.05135503,5.451555534,19.5533516,0.477539516,0.2117747516,0.7904798354,0.1826581955,0.0881820414,0.2928510855,0.1886523897,0.08756482757,0.3093524859,66.0060681,57.99644186,76.1207629,2.53188708,2.230382643,2.887916566,0.690996593,0.690996593,0.690996593,0.1825795018,0.188610116,0.007869362968,0.004227364156,1.170141949,1.211847532,1.120502935,1.175641924,0.2745856793,0.2597011249,0,Q3
123,Peru,2023,11.90977918,5.276727103,19.40503428,0.4563180488,0.2030343621,0.7632529055,0.1705957,0.0820660238,0.262375889,0.1686414443,0.08084103769,0.261215744,69.82080168,57.52898246,85.73657084,2.703753101,2.224644398,3.339672497,0.685607664,0.685607664,0.685607664,0.1705763739,0.1687720852,0.001932604974,-0.01306409433,1.186277845,1.227693152,1.056942615,1.069575199,0.403999778,0.4124001183,0,Q3
125,Colombia,2023,8.676580878,4.000390132,13.37380342,0.3733150343,0.1671361481,0.5996178416,0.1683512504,0.07718261187,0.2610014876,0.1659304926,0.07540487484,0.2624332675,51.56224683,48.06515812,54.36763469,2.250595821,2.073154131,2.411973315,0.688855489,0.688855489,0.688855489,0.1682739099,0.1658738681,0.00773405016,0.005662452132,1.080311867,1.158489891,1.091877104,1.127149023,0.1222304488,0.150546438,0,Q3
126,Costa Rica,2023,22.0790978,10.06086723,33.83429746,0.9138635459,0.4057405162,1.434744045,0.1860649461,0.08664849475,0.2864887602,0.1767905372,0.07970431743,0.2782543218,118.8626499,105.3590908,133.6617208,5.17599461,4.595296668,5.868556468,0.71538598,0.71538598,0.71538598,0.1857530336,0.1765580559,0.03119125233,0.02324812737,1.076739206,1.125992533,1.074035005,1.123080497,0.238112056,0.2459932622,0,Q3
127,El Salvador,2023,8.408518101,3.564867917,14.68944277,0.3261606792,0.1371517478,0.5912573745,0.1641978734,0.07091187481,0.2773085017,0.1549364785,0.06635348274,0.2672356826,51.27818163,38.24125525,64.79240169,2.107727306,1.577399494,2.676747736,0.608140065,0.608140065,0.608140065,0.1639784765,0.154745198,0.02193969468,0.01912804658,1.323012536,1.392275819,1.256999391,1.296545539,0.5177864269,0.521579921,0,Q2
128,Guatemala,2023,19.46680325,9.084754548,32.32392479,0.7938377166,0.3661447077,1.364806431,0.1701150315,0.07800809497,0.2782700619,0.1649551047,0.0748078733,0.2755444398,114.3985895,99.3716991,129.3808136,4.810612895,4.201395464,5.416093321,0.553757769,0.553757769,0.553757769,0.1701664622,0.1650179996,-0.00514307154,-0.006289484121,1.193784616,1.258017479,1.177215001,1.216916366,0.262320669,0.2525037629,0,Q2
129,Honduras,2023,6.849271236,2.329974502,12.80526858,0.2960008409,0.1028913409,0.5607536988,0.128058138,0.05397911957,0.2245686839,0.1169193425,0.04776051377,0.2025030797,53.44845638,34.64738683,79.39065148,2.530366436,1.598384684,3.774386623,0.520269472,0.520269472,0.520269472,0.1281472226,0.1169794369,-0.008908452282,-0.006009439635,1.529402722,1.546827896,1.332125915,1.323498427,0.837129221,0.859955265,0,Q2
130,Mexico,2023,13.01939095,5.967597735,20.33651907,0.5235327578,0.2357994324,0.823989237,0.2067877878,0.09781878832,0.3089117895,0.2026914669,0.09510361232,0.3083061264,63.05881805,56.68057953,70.3273705,2.58642317,2.324785815,2.880591526,0.693436757,0.693436757,0.693436757,0.20646424,0.2024157392,0.03235477807,0.02757277901,1.103655416,1.123501435,1.020819476,1.051857373,0.2164136816,0.2148935709,0,Q3
131,Nicaragua,2023,13.57886019,5.329235455,23.06922305,0.5240723038,0.2125224136,0.9056882838,0.1488824496,0.06690233773,0.2390659324,0.1399787293,0.0607671538,0.2296474942,91.25544788,68.82768783,116.7586609,3.74629341,2.809106551,4.749955733,0.535691817,0.535691817,0.535691817,0.1488005429,0.1398908859,0.00819066639,0.008784339274,1.306441583,1.322653125,1.156372663,1.206471449,0.5252395798,0.5180718567,0,Q2
132,Panama,2023,10.85331748,4.706479526,17.33012971,0.4433230403,0.1947478469,0.7051126418,0.1818411682,0.08066464988,0.2818455096,0.1744910708,0.07830792639,0.2708767726,59.70671872,52.8566217,69.1097076,2.54161437,2.230678599,2.961233784,0.71530692,0.71530692,0.71530692,0.1817771553,0.1744257687,0.006401287955,0.00653020628,1.163114431,1.151225514,1.106354857,1.103602868,0.2722153594,0.2874374627,0,Q3
133,Venezuela (Bolivarian Republic of),2023,12.1264966,5.320110056,20.0598729,0.4895626228,0.2123761512,0.827315349,0.1986724958,0.08832450378,0.3309342921,0.1954720972,0.08512949452,0.3280194868,61.04977453,53.71732697,68.3032954,2.505725208,2.228445704,2.800610791,0.580213457,0.580213457,0.580213457,0.1986329465,0.1953776181,0.00395492616,0.009447911674,1.215500514,1.256099157,1.22115438,1.2425814,0.2389192842,0.2283431099,0,Q2
135,Brazil,2023,7.772480015,3.414732999,12.33789056,0.3062964616,0.1320648327,0.4885709202,0.1690897015,0.07566398425,0.2673707545,0.1683150679,0.07491044852,0.2662173205,45.96513111,43.84987043,48.08231574,1.820097048,1.698749421,1.917817885,0.683949753,0.683949753,0.683949753,0.1690951342,0.1682857856,-0.0005432749695,0.002928223426,1.148045095,1.16392493,1.133757814,1.136599797,0.0920794787,0.1203608698,0,Q3
136,Paraguay,2023,10.4838157,4.917879698,17.08796685,0.4149010375,0.195849696,0.678703474,0.172734993,0.08397737324,0.2668742901,0.1674327941,0.0799806012,0.2689877394,60.67902062,50.46645084,73.23698789,2.477937401,2.06104951,3.006064893,0.674088962,0.674088962,0.674088962,0.1727749656,0.1674380625,-0.003997259359,-0.0005268375222,1.160845202,1.163780599,1.058829561,1.128853754,0.3752621057,0.3813717743,0,Q3
139,Algeria,2023,9.147219407,3.87852583,15.907057,0.3369401855,0.1424829135,0.6058727649,0.1917339801,0.08921098577,0.2984876744,0.1887579916,0.08473402247,0.2957141886,47.9865343,29.88927329,71.60881824,1.795377246,1.105674859,2.654430692,0.657757116,0.657757116,0.657757116,0.1906205468,0.1876709679,0.1113433362,0.1087023669,1.314993184,1.375288171,1.091495042,1.117728391,0.8694010841,0.8626353245,0,Q3
140,Bahrain,2023,19.81218445,8.347826339,34.07919487,0.8656974562,0.3602128806,1.454727461,0.2185225698,0.1005073772,0.3536034664,0.2118366462,0.09654976859,0.34558134,90.93317373,62.90902221,125.4269858,4.101177221,2.820043158,5.560176986,0.784320905,0.784320905,0.784320905,0.2178763111,0.2110851128,0.06462586999,0.07515334133,1.298764838,1.264315348,1.158214867,1.175583054,0.687515469,0.6681334847,0,Q4
141,Egypt,2023,177.5080218,75.41987968,299.0124161,7.32555043,3.071531272,12.4231839,0.2950760071,0.1420838154,0.4317813636,0.2915141639,0.1396193798,0.4277832898,602.1331591,436.7586542,815.8640953,25.15458531,18.35053381,33.92903741,0.676519583,0.676519583,0.676519583,0.2947986157,0.2912212759,0.02773913644,0.02928879707,1.259619335,1.276580199,0.9817726324,0.9885074064,0.6296039928,0.6193106906,0,Q3
142,Iran (Islamic Republic of),2023,18.42985096,7.733137783,32.24339614,0.7885279695,0.3180696406,1.415286368,0.2086290184,0.09778025121,0.3134759719,0.2197266165,0.1026255193,0.3290223348,88.43053705,61.90899058,127.9273984,3.590070803,2.489048112,5.303089487,0.717585049,0.717585049,0.717585049,0.2084104833,0.2196413421,0.0218535135,0.00852743628,1.32992168,1.39147471,1.033872097,1.03035681,0.7465566766,0.783840077,0,Q3
143,Iraq,2023,68.97301199,31.2532519,116.4854937,2.566306208,1.131042433,4.384926799,0.2490870712,0.1263174825,0.3781862098,0.2399440835,0.1185786773,0.3692926231,276.8910346,204.6516456,380.7142894,10.69978613,7.744309182,14.9927209,0.653812815,0.653812815,0.653812815,0.2490980327,0.2398464958,-0.00109615329,0.009758770112,1.235733214,1.267925221,1.011167405,1.044884884,0.6358553429,0.6774351962,0,Q3
144,Jordan,2023,11.82505611,5.132303235,20.47705877,0.483804768,0.2101208978,0.8383086677,0.273095649,0.1363935909,0.4074349833,0.2708852506,0.1325210365,0.4100452882,43.4245856,29.65687884,62.17399451,1.791055192,1.226607138,2.596787993,0.72035157,0.72035157,0.72035157,0.2723124688,0.270122758,0.07831801197,0.07624926009,1.297647587,1.298432367,0.9924778863,1.024508537,0.7488180997,0.7650131954,0,Q3
145,Kuwait,2023,7.485940629,3.678562904,11.34208817,0.3345179782,0.1645857065,0.516527109,0.3118554888,0.1572924952,0.4617033942,0.3028739492,0.1500155465,0.4532878281,24.02046516,20.57084134,28.22188624,1.105374573,0.9437787117,1.289940136,0.877142895,0.877142895,0.877142895,0.3116484456,0.302628617,0.02070431964,0.02453322303,1.023722421,1.052085166,0.9761280781,1.001315175,0.3185219293,0.3131621016,0,Q5
146,Lebanon,2023,23.87551322,10.13350452,42.41169315,0.9377620635,0.3811153152,1.659274704,0.2378026177,0.1139312536,0.3709590405,0.2406236826,0.1135895968,0.3797572197,100.536475,71.12601296,136.8052523,3.89927654,2.748858784,5.335926494,0.723671502,0.723671502,0.723671502,0.2374811055,0.2404964238,0.032151222,0.01272588058,1.351936955,1.362989012,1.080845069,1.106157216,0.6532876683,0.6634737709,0,Q3
147,Libya,2023,43.2091901,17.96335304,79.38443091,1.546967165,0.640922212,2.850624853,0.2822452622,0.1325370096,0.4236882992,0.2836949354,0.1326859302,0.4265511208,153.8920181,92.88857999,244.7352785,5.480650116,3.32824564,8.650832193,0.770482329,0.770482329,0.770482329,0.2807760314,0.2822597926,0.1469230843,0.1435142855,1.421481813,1.42840953,1.031554214,1.035849266,0.9867093847,0.9711597054,0,Q4
148,Morocco,2023,36.76087059,14.2155232,66.46927,1.373388363,0.5560497787,2.435973985,0.1821131527,0.08642448995,0.2852332639,0.1719074391,0.0815340403,0.2757419951,202.535381,127.1722788,302.7350189,8.019637308,5.145452841,11.79530942,0.612385219,0.612385219,0.612385219,0.181503451,0.1712531765,0.06097016782,0.06542626767,1.421450199,1.368822,1.091677186,1.129723971,0.866825042,0.8291966741,0,Q2
149,Palestine,2023,36.35025391,15.36734005,59.25766893,1.53064235,0.6579766376,2.549302883,0.2737716821,0.1285650119,0.400110235,0.2694796689,0.1291660966,0.3959533454,132.8351995,96.13048484,180.526893,5.683125263,4.118946724,7.72305695,0.6379798,0.6379798,0.6379798,0.2736492589,0.269331095,0.01224232274,0.0148573846,1.207428399,1.235642177,0.9918674603,0.9900088195,0.6353467192,0.6341775096,0,Q2
150,Oman,2023,42.46259618,17.39963715,74.47297502,1.803666595,0.7401922762,3.160853993,0.2178093851,0.09602942003,0.3591371669,0.2141778692,0.09304616667,0.3547727876,195.8906678,126.2140201,299.0320731,8.464550452,5.508527981,12.5905217,0.781268794,0.781268794,0.781268794,0.2167668151,0.2130847474,0.1042570016,0.1093121868,1.344084983,1.342078255,1.207972497,1.222005905,0.8822168762,0.836665073,0,Q4
151,Qatar,2023,31.70149995,13.21154931,55.28681012,1.497703165,0.6264673894,2.588008403,0.2810563857,0.1344183338,0.4243402697,0.2731042977,0.1288543479,0.4171966654,112.86045,81.86511429,154.449084,5.4872716,3.991617428,7.570526812,0.859589918,0.859589918,0.859589918,0.2808911354,0.272941322,0.01652503016,0.01629757367,1.327232493,1.309699452,1.031543671,1.055795606,0.6431302526,0.6522202005,0,Q5
152,Saudi Arabia,2023,42.15817843,20.15711864,69.76957155,2.09345154,0.9778325277,3.441902143,0.24501306,0.119159163,0.3657770302,0.2359074325,0.11195172,0.3590989698,172.0624656,130.625103,232.9868646,8.879273157,6.876600954,12.06192914,0.828451182,0.828451182,0.828451182,0.2450167054,0.2357683453,-0.0003645383319,0.01390872224,1.176816807,1.177036854,1.006549884,1.047645032,0.594910466,0.5839811536,0,Q4
153,Syrian Arab Republic,2023,32.48688146,14.20811453,52.54137341,1.467415523,0.6141607598,2.36821522,0.2654992258,0.1283559412,0.4054724333,0.2590662631,0.1231158023,0.4013342778,122.4821122,88.0297838,162.9894732,5.672500333,4.111359214,7.551761595,0.58868192,0.58868192,0.58868192,0.2652377632,0.2586893674,0.0261462652,0.03768956649,1.179961177,1.195335904,1.04375631,1.073927852,0.6120051989,0.6065054524,0,Q2
154,Tunisia,2023,13.81210941,5.452679497,24.7921403,0.5604795152,0.2133190984,1.017595005,0.2090644711,0.09546634153,0.3219932974,0.2045118259,0.09172518675,0.32283755,66.12450953,47.96202698,90.64011497,2.742964098,1.960249025,3.74268787,0.683722134,0.683722134,0.683722134,0.2088803306,0.2043335221,0.01841404997,0.01783038256,1.400181553,1.434978238,1.083526793,1.130068455,0.6454201065,0.6498221562,0,Q3
155,Türkiye,2023,17.98609544,8.567222442,30.38264489,0.7492272319,0.3626951905,1.255398076,0.2475199711,0.1200223494,0.3679791356,0.2481670157,0.1182135449,0.3680347031,72.42594987,54.34650094,94.93455977,3.011005137,2.254570157,3.947797862,0.730952258,0.730952258,0.730952258,0.2483377224,0.2488296093,-0.08177513086,-0.06625936871,1.212904853,1.191498183,1.001764767,1.006665441,0.5604076839,0.5623463357,0,Q3
156,United Arab Emirates,2023,18.17764972,7.038895151,33.47842718,0.9179377988,0.3603038738,1.695913586,0.2162093232,0.0985506744,0.3377252868,0.2029146632,0.09023295912,0.3218172843,84.31092085,55.46932878,121.7494273,4.539152183,2.859253252,6.562703699,0.862209546,0.862209546,0.862209546,0.2156025523,0.2022267071,0.06067708535,0.06879561712,1.45450773,1.455011128,1.106217849,1.141289257,0.7861389464,0.8158903464,0,Q5
157,Yemen,2023,15.86489119,5.675215448,30.43638845,0.6280308801,0.2266644566,1.216834865,0.1129325111,0.04418493315,0.2090997939,0.1059950854,0.04145022261,0.193341292,140.3551341,89.79446792,208.1275756,5.920415427,3.872390997,8.724159529,0.446393545,0.446393545,0.446393545,0.1130339214,0.1060788534,-0.01014102949,-0.008376797881,1.560752779,1.576626947,1.460295704,1.433001057,0.8430978206,0.8194979882,0,Q1
160,Afghanistan,2023,12.61470921,4.726958552,23.47500019,0.5009785416,0.1909780493,0.9167062207,0.1187088062,0.05049775782,0.1976399228,0.1113972588,0.04773655262,0.1853939911,106.061115,67.54764043,164.0988427,4.489500854,2.885354214,6.902515676,0.333711266,0.333711266,0.333711266,0.1189381161,0.1115889178,-0.02293098128,-0.01916589498,1.48620482,1.44862127,1.239521899,1.235734523,0.9103355384,0.8947902212,0,Q1
161,Bangladesh,2023,6.073624652,2.028003742,12.10688205,0.1988566067,0.06316205955,0.402712424,0.0549715427,0.02142463831,0.1030253458,0.05078144438,0.01905126971,0.09548834503,111.4210828,71.81204749,159.5038,3.949049248,2.557335548,5.794545364,0.517107282,0.517107282,0.517107282,0.05451055131,0.05035556515,0.04609913908,0.04258792295,1.65945031,1.70751362,1.484417273,1.505216645,0.7870301587,0.8197440986,0,Q2
162,Bhutan,2023,11.84867314,4.063286161,24.28338406,0.3760113812,0.1285416384,0.7650553368,0.1135051219,0.047384389,0.1827376718,0.1078568309,0.04615701258,0.1765675044,105.1204965,58.56238146,170.5340701,3.510379965,1.982750039,5.671311386,0.52425393,0.52425393,0.52425393,0.1127151558,0.1071141543,0.07899660268,0.07426766447,1.706528457,1.692804341,1.192486124,1.209107394,1.065174655,1.050758432,0,Q2
163,India,2023,3.626709037,1.351931163,6.71773987,0.1209255441,0.04459626032,0.2184897486,0.04807484147,0.02014776584,0.08022113405,0.04392855227,0.01827469506,0.07362193347,75.63312125,52.23719674,104.3210918,2.759744683,1.90704451,3.790709225,0.606982048,0.606982048,0.606982048,0.04795133372,0.04381765633,0.01235077476,0.01108959383,1.479525556,1.438021136,1.249580162,1.259937684,0.6886387098,0.6825503558,0,Q2
164,Nepal,2023,3.163763762,1.039213004,6.80514329,0.09980398612,0.02982166809,0.2225831313,0.0552764183,0.02138285631,0.1041481292,0.05047892551,0.01818354152,0.09732113203,57.47824098,37.64043459,85.85875166,1.988130078,1.308985797,3.018994208,0.471006784,0.471006784,0.471006784,0.05504280765,0.05019992768,0.02336106567,0.02789978317,1.82249078,1.931400445,1.497298042,1.567735242,0.8388968808,0.8601089187,0,Q1
165,Pakistan,2023,9.142524319,3.387925592,16.49669465,0.2827109863,0.1059317625,0.5122848982,0.1066048516,0.04419104139,0.1780228541,0.0987345018,0.04074422088,0.1670903789,85.92670408,57.02335436,119.6141264,2.869250819,1.898956032,3.98472804,0.512722944,0.512722944,0.512722944,0.1063991039,0.09853129064,0.02057476018,0.02032111578,1.433823811,1.437344692,1.25540077,1.279655599,0.7284204916,0.7269395879,0,Q2
168,Angola,2023,41.93396951,16.83736411,88.21034223,1.22230862,0.4882500548,2.522116597,0.07809197236,0.02870054618,0.1371866254,0.07518016141,0.02638409746,0.1306714386,552.9644241,255.4945536,929.6212698,16.74897381,7.935265886,27.85553341,0.499296938,0.499296938,0.499296938,0.07583484159,0.07297811999,0.2257130762,0.2202041418,1.70203248,1.663955002,1.389209108,1.387165699,1.219114082,1.189342568,0,Q1
169,Central African Republic,2023,32.44752191,11.19402118,62.46370188,0.9920648092,0.3475771664,1.899972347,0.08392467601,0.03460054154,0.1458913034,0.08313982533,0.0347210622,0.1457202518,385.7769446,225.1597447,610.517988,11.91171147,6.902987455,18.8249967,0.259147219,0.259147219,0.259147219,0.08410954144,0.08328482536,-0.01848654371,-0.01450000329,1.580080008,1.564812265,1.326079136,1.335090484,0.9989146544,1.000864508,0,Q1
170,Congo,2023,29.22813477,10.54247349,57.00664242,0.9107197496,0.3310810122,1.736234543,0.09298665337,0.03833399143,0.1636712718,0.09123932208,0.03791239726,0.1626792038,314.9792619,214.8276236,460.5637136,10.00603871,6.838055007,14.34528599,0.57784943,0.57784943,0.57784943,0.09279383852,0.09101701239,0.01928148472,0.02223096929,1.589706948,1.542904424,1.347906133,1.367467488,0.7801659336,0.7502700318,0,Q2
171,Democratic Republic of the Congo,2023,76.34581645,27.39145239,146.5737703,2.272141595,0.7973464557,4.430036494,0.1011163331,0.04203520511,0.1732378669,0.09859409571,0.04004472659,0.1689872708,758.1100165,408.4394979,1195.579094,23.14418979,12.31536417,36.8508262,0.395104186,0.395104186,0.395104186,0.100705458,0.09817330464,0.04108750268,0.04207910671,1.561085119,1.598795624,1.297541731,1.307812027,1.038292041,1.06011324,0,Q1
172,Equatorial Guinea,2023,63.07937385,21.74948289,133.4975851,1.88786554,0.6396321862,3.932781766,0.1493691793,0.06254633519,0.2527817598,0.1446572186,0.0620114684,0.246622161,425.9034216,232.4665739,762.9117609,13.14719274,7.231136877,23.17447618,0.646241526,0.646241526,0.646241526,0.1481072249,0.1435945739,0.1261954367,0.1062644696,1.771547423,1.744377186,1.27359222,1.276194125,1.245458853,1.212680122,0,Q2
173,Gabon,2023,78.71461145,30.2240305,143.8275842,2.393189949,0.9308091051,4.33464157,0.1754864299,0.07648702571,0.2814617882,0.1704649505,0.07307973082,0.2774945711,450.59684,273.6033395,663.5689961,14.10428163,8.569665428,20.83984044,0.631085776,0.631085776,0.631085776,0.1746896659,0.1696782588,0.07967640069,0.07866916575,1.443233367,1.422299332,1.16803768,1.199160529,0.8654425018,0.8699610041,0,Q2
175,Burundi,2023,5.400491067,1.462799735,13.45925645,0.1566389316,0.03993063255,0.3990475446,0.03037813517,0.009080752883,0.06873283944,0.02905645896,0.008811481495,0.06791024048,180.6223936,95.50445032,295.5397225,5.479103307,2.929165504,9.035293643,0.307259853,0.307259853,0.307259853,0.02989934392,0.02858842457,0.0478791254,0.04680343903,2.221364051,2.292641481,1.963652022,2.033928466,1.107477695,1.114439315,0,Q1
176,Comoros,2023,5.205919642,1.681131383,10.76636505,0.1583921535,0.05085698614,0.3199639768,0.07091659127,0.02714569847,0.120648781,0.06663855493,0.02567771181,0.1120820518,74.290901,33.99757913,115.1845669,2.403770344,1.115994111,3.732082536,0.478698597,0.478698597,0.478698597,0.07007479478,0.06589321393,0.08417964884,0.07453409979,1.745173628,1.69899193,1.318493753,1.296611851,1.092825457,1.088327107,0,Q1
177,Djibouti,2023,5.2888778,1.616697341,12.78709533,0.1534287958,0.04763316783,0.3785488677,0.0306985757,0.01022449999,0.06622704735,0.02849480765,0.009360582497,0.06126551876,174.1162595,99.36780184,257.6022352,5.452550239,3.080261025,8.264946756,0.491006575,0.491006575,0.491006575,0.03037555376,0.02813890548,0.03230219339,0.03559021724,2.112054469,2.156803083,1.824271846,1.821557699,0.9087860824,0.9508735368,0,Q1
178,Eritrea,2023,6.231878569,1.909231843,13.86720825,0.1866064737,0.05731932099,0.4277319057,0.03427042207,0.01299233944,0.0662833133,0.03545466757,0.0132560294,0.07176568444,182.5145329,105.821298,281.8247271,5.282729336,3.049948511,8.052012455,0.414533257,0.414533257,0.414533257,0.03414456082,0.03532387557,0.0125861255,0.01307919948,1.918839765,1.984993217,1.555013643,1.650266638,0.9643255594,0.9468711392,0,Q1
179,Ethiopia,2023,3.761262514,1.199635759,8.607568332,0.119585273,0.03883060205,0.2854363922,0.02243607828,0.008794288849,0.04612160139,0.0219171663,0.008643651568,0.04425997336,167.7337107,101.266391,245.5457111,5.460967495,3.260083119,7.996525338,0.393767735,0.393767735,0.393767735,0.02242401065,0.02189818437,0.001206762428,0.001898193136,1.969533513,2.062175249,1.663718235,1.625042275,0.860168892,0.8673265724,0,Q1
180,Kenya,2023,9.670144592,3.558474272,17.13978787,0.2704778293,0.1006250789,0.4969829737,0.07034034977,0.02778868294,0.1172880879,0.05963317344,0.02425846847,0.1003967386,137.9691739,96.18156724,193.7858552,4.551624561,3.118937322,6.422213194,0.548710797,0.548710797,0.548710797,0.07008916788,0.05942445947,0.0251181887,0.020871397,1.404458172,1.465398831,1.272376456,1.276777098,0.7074354741,0.7257355758,0,Q2
181,Madagascar,2023,8.808346158,2.782217445,21.29971869,0.2920696887,0.09041553517,0.7158345778,0.03225618738,0.01100820755,0.0652154043,0.03142710701,0.01036238236,0.0666974803,276.8310036,141.9692527,437.2802833,9.429282937,4.96608664,14.88906573,0.379987683,0.379987683,0.379987683,0.03181849592,0.03097475075,0.04376914573,0.04523562602,2.102267658,2.141334985,1.680520891,1.792563914,1.066755626,1.052357762,0,Q1
182,Malawi,2023,12.9026805,4.619055997,25.98025068,0.3863081779,0.1382316067,0.7650577695,0.06873280788,0.02745012998,0.120532844,0.06906337116,0.02615743678,0.1231877102,187.9761704,125.8821261,271.6642098,5.601917764,3.723473473,8.08288609,0.409532838,0.409532838,0.409532838,0.06863997959,0.06895998731,0.009282828586,0.01033838503,1.655562554,1.622606506,1.354269045,1.404945512,0.7755349172,0.7782000382,0,Q1
183,Mauritius,2023,3.642996513,1.600990868,6.348991582,0.1327565079,0.05805057531,0.2308979412,0.1269482145,0.0541274176,0.2170115022,0.1205232365,0.05155753794,0.2062929809,28.78373509,24.84423805,32.5423757,1.104554701,0.9579132021,1.253159822,0.736236312,0.736236312,0.736236312,0.1265644122,0.1201900709,0.03838022785,0.03331656221,1.303322882,1.301987892,1.283075034,1.283863987,0.2674474884,0.2672992286,0,Q4
184,Mozambique,2023,18.91382714,6.515240182,36.80449295,0.7402572764,0.2447657302,1.451111131,0.05436679992,0.02289779173,0.09812737989,0.05356733996,0.02166533791,0.09855533145,348.771192,223.1879774,516.8113425,13.84451046,8.942913858,20.17341894,0.341791325,0.341791325,0.341791325,0.0542299008,0.05346937175,0.01368991279,0.009796821059,1.601434365,1.629629914,1.383741332,1.435389429,0.8418796386,0.8111883128,0,Q1
185,Rwanda,2023,9.273878644,2.943892896,18.41877318,0.2851087931,0.08783435776,0.574271463,0.03933706214,0.01379280368,0.07440358295,0.03845127213,0.01331150059,0.07293047885,238.040284,143.1804347,353.3761665,7.479253045,4.538577465,11.02107279,0.462112705,0.462112705,0.462112705,0.03895928239,0.03811995547,0.03777797555,0.03313166535,1.668652446,1.706145573,1.540805947,1.550507303,0.8830258822,0.8667303122,0,Q1
186,Seychelles,2023,14.90193928,5.977223869,27.41031383,0.5020629874,0.1974914892,0.9204447432,0.1174941705,0.04657499462,0.1957872848,0.1093908749,0.04314891481,0.182148603,127.0214351,92.54779802,177.9819633,4.596661454,3.361378836,6.346692804,0.753016949,0.753016949,0.753016949,0.1173183036,0.1092233988,0.01758668707,0.01674760114,1.438275218,1.439965248,1.269954838,1.270669865,0.6725964421,0.6494526511,0,Q4
187,Somalia,2023,6.729817813,2.269313003,13.5290735,0.2087796692,0.07021473743,0.4240365305,0.04042120921,0.01528187774,0.07111040989,0.03936770191,0.01477107376,0.06757246879,168.0370526,81.20079985,276.8025025,5.353216543,2.57748162,8.770857053,0.229019065,0.229019065,0.229019065,0.04004960636,0.03900078906,0.03716028436,0.03669128523,1.673115203,1.694713831,1.381169274,1.341236406,1.164039118,1.156944686,0,Q1
189,United Republic of Tanzania,2023,6.991606052,2.474419213,13.86778166,0.2237775207,0.07759717986,0.4554133724,0.06363329153,0.02487145797,0.1150147367,0.05852764988,0.02242635367,0.1103032136,110.245962,72.73751888,158.1910871,3.831469513,2.547781815,5.465643454,0.465888633,0.465888633,0.465888633,0.06341825067,0.05840514192,0.02150408625,0.01225079612,1.62957729,1.688356325,1.416605625,1.501458885,0.7751174433,0.7615515741,0,Q1
190,Uganda,2023,16.35787189,6.441114157,29.1425244,0.4945052105,0.1910578084,0.9057866923,0.06482830593,0.02809909591,0.1078443463,0.06435292734,0.02781420262,0.1098334732,252.2012824,173.5913501,342.8429772,7.677821531,5.286021868,10.59329582,0.442281237,0.442281237,0.442281237,0.06486038347,0.06440696863,-0.003207753984,-0.00540412853,1.387797288,1.445341462,1.230099248,1.27452276,0.6710974084,0.6912473711,0,Q1
191,Zambia,2023,9.964097014,3.708952667,18.9624511,0.3054582628,0.1136454256,0.5627843362,0.07786006741,0.03123286881,0.1324001391,0.07626946566,0.0297405065,0.1315867014,128.4816306,86.15581446,180.7688123,4.020192034,2.726823574,5.594911391,0.505571537,0.505571537,0.505571537,0.07755269733,0.0759810129,0.03073700753,0.02884527636,1.530846038,1.470377349,1.299347325,1.335346905,0.7363931896,0.7134206011,0,Q1
193,Botswana,2023,21.02713674,7.527677669,40.64764504,0.6730631887,0.2416694541,1.310222779,0.138786787,0.0621322375,0.2194899526,0.1370184224,0.06163431529,0.2206020301,152.5881792,90.02491174,233.0739858,4.948278226,2.975651665,7.632928386,0.677582005,0.677582005,0.677582005,0.1378031827,0.1360196735,0.09836043234,0.09987488901,1.575105911,1.587597336,1.13380905,1.160192272,0.9374846385,0.9411913617,0,Q3
194,Lesotho,2023,32.1101614,9.847280511,110.7237721,1.056443755,0.3294634873,3.470716472,0.14352623,0.06011996592,0.2442025247,0.1388270667,0.05834797556,0.2364614671,236.0764058,107.1102981,853.7547956,8.034617367,3.769832546,27.53236379,0.509816661,0.509816661,0.509816661,0.1360159703,0.1314865048,0.7510259728,0.7340561882,3.141575352,2.973421888,1.282570849,1.282988222,3.162723928,2.957518716,0,Q2
195,Namibia,2023,10.82268052,4.032391675,19.87637595,0.3045459275,0.1077886417,0.5578178071,0.1207804574,0.05078086914,0.2069652696,0.1166302271,0.04861755766,0.1980344334,90.06590975,58.4476101,130.4209966,2.622791578,1.732153737,3.740744914,0.619642149,0.619642149,0.619642149,0.1201640059,0.1161151843,0.06164514489,0.05150427502,1.463961193,1.477705412,1.29312642,1.281116221,0.7991190747,0.7658218801,0,Q2
196,South Africa,2023,31.81505804,12.41484599,54.04856609,1.084381446,0.4334357025,1.82271078,0.1711979519,0.0803870012,0.2673155324,0.167573621,0.07867064254,0.2635129394,186.0644314,145.4475587,258.538446,6.478920529,5.184983634,8.880531323,0.70261336,0.70261336,0.70261336,0.1709894674,0.1673706973,0.02084844747,0.02029236977,1.308616821,1.281168248,1.091885324,1.103051279,0.6078049758,0.5703955887,0,Q3
197,Eswatini,2023,33.08670111,12.33134014,63.38185877,0.9676118157,0.3706913471,1.774438351,0.2169934728,0.1021095629,0.3355367176,0.2247678361,0.1055218004,0.3444617569,152.5745406,90.64542288,223.2547297,4.308751866,2.648995974,6.279845049,0.606902305,0.606902305,0.606902305,0.2168559773,0.2245689345,0.01374955279,0.01989016267,1.542931659,1.450733633,1.075733531,1.063052261,0.8691443952,0.8426684079,0,Q2
198,Zimbabwe,2023,23.42727695,8.353322552,44.12962625,0.7942039658,0.2822368609,1.488869908,0.0964339878,0.0388803507,0.1549007527,0.09495726985,0.03756839177,0.1543132699,244.3906954,151.2899771,358.5682397,8.424814219,5.320785948,12.33294142,0.491184885,0.491184885,0.491184885,0.09585993818,0.09426961179,0.05740496177,0.06876580607,1.52712173,1.519298692,1.203106961,1.229446448,0.8481430206,0.8323216739,0,Q1
200,Benin,2023,13.7668725,4.841321318,26.18677997,0.4281232043,0.1517228301,0.8262821548,0.08900608442,0.03658816617,0.1550503189,0.0864921393,0.0345523714,0.1536694794,155.2057141,102.2343348,227.7438256,4.96974067,3.281425728,7.269638195,0.40649626,0.40649626,0.40649626,0.08870080961,0.08614598481,0.03052748109,0.03461544937,1.550494396,1.57561963,1.330944435,1.377201546,0.8086653995,0.8024991105,0,Q1
201,Burkina Faso,2023,11.6847973,3.786900291,27.35604517,0.3980291443,0.1215861209,0.9498378004,0.04094451276,0.01548625409,0.08320615904,0.03824614236,0.01382066924,0.08271253225,285.0516368,193.3791312,408.3650817,10.38647724,7.091666633,14.83500935,0.306760806,0.306760806,0.306760806,0.0409918618,0.0383218617,-0.004734903683,-0.007571933875,2.01707777,2.080881994,1.653943359,1.801276122,0.7542000211,0.7455215599,0,Q1
202,Cameroon,2023,69.74610992,27.29166494,128.2098726,2.265210543,0.8712244506,4.269554552,0.1502610477,0.06770652264,0.2442693911,0.1453210708,0.06270498901,0.2375118369,466.2854317,290.5205743,723.8466798,15.65937833,9.806129967,23.70956999,0.487083713,0.487083713,0.487083713,0.149578145,0.1446552025,0.06829026742,0.06658683365,1.446936722,1.500227037,1.175040845,1.202900907,0.9293151275,0.8878666657,0,Q1
203,Cabo Verde,2023,42.68211507,17.19214872,75.89887429,1.438916353,0.5573919901,2.556371431,0.1302353959,0.05840141647,0.2160901319,0.1253535327,0.05476610215,0.2109725881,329.7830634,226.2952923,463.462351,11.55124019,7.99819517,16.33193509,0.562409777,0.562409777,0.562409777,0.1294248244,0.1245681268,0.08105714763,0.07854058589,1.375440872,1.389225605,1.210797682,1.246127514,0.7191608213,0.7214584563,0,Q2
204,Chad,2023,54.44177477,19.9327874,116.3210517,1.797140458,0.6424488294,3.745213103,0.09597977642,0.03668954641,0.1695420683,0.09251843272,0.03481467251,0.1625633718,566.6600482,333.5524354,849.9403342,19.43728302,11.42348209,29.45973075,0.239323301,0.239323301,0.239323301,0.09607484231,0.09245841899,-0.009506589027,0.006001372985,1.770483506,1.726500709,1.384172029,1.380791865,0.9112834062,0.9279202572,0,Q1
205,Côte d'Ivoire,2023,26.17034989,9.364940484,46.32299455,0.7249220151,0.2563633019,1.289348159,0.08537749983,0.03367038607,0.139046375,0.07718057319,0.03093941091,0.1281391353,308.3195223,213.8307047,431.2104336,9.452345495,6.701652532,13.21052873,0.451524015,0.451524015,0.451524015,0.08488061248,0.07669228928,0.04968873551,0.04882839061,1.412210926,1.424959976,1.234236059,1.259380701,0.7050469177,0.6885990572,0,Q1
206,Gambia,2023,70.56832667,26.29044399,127.1920441,2.172444329,0.7912911285,3.949881536,0.1117221101,0.04477576034,0.1869307425,0.1066021355,0.04160158165,0.1794335239,633.049002,420.2785835,924.155662,20.41913818,13.44816618,29.45018607,0.432615004,0.432615004,0.432615004,0.1114737192,0.1063925573,0.02483909401,0.02095781505,1.429842606,1.453933878,1.272397935,1.292956671,0.7959527255,0.7836775358,0,Q1
207,Ghana,2023,25.18961089,8.873195079,45.61922048,0.7592061279,0.2682308636,1.392212445,0.08603311804,0.03353805558,0.1436364182,0.0804280486,0.0317548641,0.1345929986,295.1538297,188.7166019,442.7088716,9.512385327,6.184895322,14.18455058,0.573769063,0.573769063,0.573769063,0.0853440083,0.07981238162,0.06891097324,0.06156669801,1.458777016,1.480469585,1.279720707,1.278635206,0.8605420099,0.8409725825,0,Q2
208,Guinea,2023,55.34961114,21.10338625,106.6824992,1.742442844,0.6794782202,3.34216736,0.07362056795,0.03014201425,0.1237164479,0.07075622401,0.02912155136,0.1201722289,756.4025482,483.5834148,1065.073777,24.78001894,16.1925199,35.36626411,0.355150968,0.355150968,0.355150968,0.07317480787,0.07031644522,0.0445760075,0.04397787986,1.546155632,1.528135714,1.271036564,1.286822167,0.7687578041,0.7737582548,0,Q1
209,Guinea-Bissau,2023,30.94011213,10.80566094,62.51055298,0.941173773,0.329915783,1.842625496,0.08489901414,0.03150993969,0.1470108543,0.07746046195,0.02899821423,0.1371254302,367.2374494,214.8115412,581.652227,12.26905214,7.160357705,19.07523804,0.373341963,0.373341963,0.373341963,0.08425097218,0.07671120496,0.06480419625,0.07492569828,1.67112814,1.607258677,1.360450598,1.395902029,0.9989195994,0.9711329129,0,Q1
210,Liberia,2023,91.69000636,30.74179002,197.5511311,2.811118854,0.9660304815,6.039566743,0.1256297557,0.05021609933,0.2130241214,0.1221472718,0.04844077218,0.2074845657,735.5826394,360.7727246,1290.611862,23.18974275,11.44430558,40.49678279,0.38302106,0.38302106,0.38302106,0.1246494975,0.1212225113,0.09802581724,0.09247604311,1.819275052,1.8048103,1.295935197,1.302065869,1.264085213,1.252815847,0,Q1
211,Mali,2023,36.41818907,13.33448761,68.79271746,1.087502369,0.3905154847,2.051209253,0.09909578487,0.03947597035,0.1664404362,0.09459475967,0.03806155626,0.1592897597,368.3893139,243.232262,523.0624067,11.5297588,7.797154461,16.32165915,0.284970766,0.284970766,0.284970766,0.09885788674,0.09432134597,0.02378981307,0.02734136996,1.522816792,1.527071403,1.281229731,1.281553057,0.7596044025,0.73934805,0,Q1
212,Mauritania,2023,87.52490234,26.63336641,189.1471609,2.879239864,0.8667069994,6.269135158,0.1410559224,0.05474418693,0.2327243692,0.1326800432,0.05016137136,0.2206391592,634.3783233,253.4286965,1141.630973,22.184676,8.855741318,39.68821825,0.518009346,0.518009346,0.518009346,0.1379695666,0.1297850761,0.3086355792,0.2894967091,1.856772074,1.876338344,1.261770362,1.284878899,1.40011448,1.389809656,0,Q2
213,Niger,2023,5.520736745,1.733479942,11.24306138,0.1857721509,0.05760014689,0.3877939096,0.02830687584,0.01089654809,0.05532567552,0.0285600776,0.01108158942,0.05714295878,196.8786224,124.3604443,293.0648099,6.574925329,4.117999914,9.785957067,0.203013134,0.203013134,0.203013134,0.0280413215,0.02825464041,0.02655543452,0.03054371877,1.722520359,1.777412605,1.569552489,1.612788663,0.856895297,0.8620565055,0,Q1
214,Nigeria,2023,42.67553125,14.91874815,93.08103826,1.347385947,0.4699155436,2.897403559,0.1176494951,0.0482636075,0.196048146,0.1106523482,0.04539165976,0.1809387157,365.3648877,183.6980817,626.6122304,12.27790504,6.04974506,21.05934605,0.511952631,0.511952631,0.511952631,0.1168024971,0.1097407043,0.08469979901,0.09116438157,1.831548145,1.801627827,1.256142564,1.224981288,1.212251543,1.222488767,0,Q2
215,Sao Tome and Principe,2023,47.46818465,17.96985105,92.32661998,1.469915801,0.5566981184,2.819051894,0.1170517139,0.05099815938,0.1902207909,0.1135913571,0.04923253169,0.1823441316,408.6882705,234.1536978,654.4986941,13.03799658,7.665966397,20.94941606,0.522633002,0.522633002,0.522633002,0.116147656,0.1127409255,0.09040579271,0.08504316633,1.566454868,1.539104332,1.189411302,1.171846197,1.028522291,1.018825981,0,Q2
216,Senegal,2023,19.19078143,7.579140315,35.39254422,0.6032275519,0.2385548589,1.099004649,0.064537442,0.0248792173,0.1063241675,0.0620558613,0.02393354429,0.1014351836,301.0625251,175.1277236,448.6246585,9.850028582,5.853384466,14.74925743,0.412747283,0.412747283,0.412747283,0.06374350784,0.06124119812,0.07939341554,0.08146631703,1.44931065,1.426409963,1.261979832,1.248901195,0.9084389859,0.9031316909,0,Q1
217,Sierra Leone,2023,24.58143141,9.099072068,51.82775848,0.7669534374,0.2895628644,1.664076707,0.0552694508,0.02152030995,0.1060475276,0.0541915794,0.02144970245,0.1059074989,446.4499701,280.2927807,685.3801066,14.22102126,9.039181256,21.48519101,0.383229086,0.383229086,0.383229086,0.05505976717,0.05393096765,0.02096836312,0.02606117529,1.73825054,1.792173783,1.529365977,1.558504059,0.9073521178,0.8751839637,0,Q1
218,Togo,2023,30.33521356,11.52091943,57.82959706,0.9362573666,0.3533232785,1.783170846,0.09850672673,0.03969784404,0.1689037328,0.09430984349,0.03798714873,0.1606529178,309.429936,192.1077245,466.4385927,9.980817484,6.332622386,14.81310794,0.4605221,0.4605221,0.4605221,0.09803580726,0.09380567956,0.04709194716,0.0504163933,1.526565077,1.527194998,1.311645336,1.30066772,0.8865686096,0.8496784528,0,Q1
298,American Samoa,2023,62.97687038,27.31712062,112.4234132,1.985043824,0.8424344117,3.618959124,0.3174319288,0.1579944336,0.4594592258,0.2867185249,0.1404416876,0.4237218458,198.6435245,133.4556124,283.7890063,6.93473647,4.648922252,9.969759652,0.743030595,0.743030595,0.743030595,0.3170346003,0.2862464684,0.0397328529,0.04720565013,1.351389678,1.398722123,0.9496990214,0.988007867,0.7567998721,0.767273194,0,Q4
305,Bermuda,2023,7.254833649,2.909686918,13.23304613,0.276603578,0.1110497541,0.5039613484,0.1372038444,0.05997569846,0.2438517823,0.1283135935,0.05542978509,0.2257244165,52.80302464,46.20134961,61.16914921,2.152881481,1.873839988,2.495687016,0.826940374,0.826940374,0.826940374,0.1373942818,0.1284806342,-0.01904373926,-0.01670406407,1.422962911,1.420486305,1.34016714,1.327175295,0.2834648148,0.2888440603,0,Q4
320,Cook Islands,2023,134.2307298,58.40397998,232.0870644,4.336288566,1.847333212,7.598815561,0.3063796974,0.1554197132,0.4487826581,0.2803600964,0.1408117375,0.4159641752,438.0928511,295.8103465,619.3909969,15.46760084,10.69435238,21.43195692,0.777404869,0.777404869,0.777404869,0.3063979005,0.2803465523,-0.001820308905,0.001354412352,1.293914476,1.32636061,0.957514311,0.9814251073,0.7386120307,0.6941997442,0,Q4
349,Greenland,2023,25.57982337,10.66519676,47.3240381,1.155974352,0.4717516271,2.159320345,0.2093617014,0.094206438,0.3352488301,0.2057002879,0.09074418036,0.334063808,122.0688935,89.36281089,183.1724871,5.615672613,4.067873657,8.398834759,0.860113904,0.860113904,0.860113904,0.209552349,0.2058478888,-0.01906475344,-0.01476009274,1.433115499,1.459866922,1.151320373,1.182884235,0.7684978007,0.7712274915,0,Q5
351,Guam,2023,43.03947338,19.37793463,68.77162967,1.342899028,0.6149290645,2.149997716,0.2305922031,0.1127820552,0.3461900281,0.2180507236,0.1061935723,0.3307231045,186.5396148,161.5609795,213.0162228,6.156575942,5.353514688,7.083399811,0.811868521,0.811868521,0.811868521,0.2307256473,0.2181243341,-0.01334442253,-0.007361055351,1.147637068,1.143100575,1.012211037,1.029712392,0.2758408361,0.2809816917,0,Q4
367,Monaco,2023,47.5789665,18.53218474,84.59137139,2.032938828,0.7738607262,3.65151137,0.2202294325,0.09797795146,0.3630877402,0.2163067907,0.09475658458,0.3597817616,216.2105895,140.6985818,324.8768297,9.410184513,6.169128231,14.16192906,0.92270063,0.92270063,0.92270063,0.2200584468,0.216036022,0.01709857673,0.02707686922,1.388411551,1.415512658,1.203789093,1.225228188,0.8518465646,0.849377695,0,Q5
369,Nauru,2023,160.1676861,66.61211908,336.4559395,4.803658469,2.029493971,9.954424257,0.3413133621,0.1765129854,0.4875176318,0.3150622101,0.1604443525,0.457572434,470.2374848,262.9691761,850.1610481,15.28226832,8.851655751,27.12578665,0.626371926,0.626371926,0.626371926,0.340610205,0.3143288919,0.07031571014,0.07333181781,1.684758187,1.64976972,0.9111997388,0.9430774999,1.24871345,1.195773462,0,Q2
374,Niue,2023,59.10695879,23.13098695,113.9372,1.80749654,0.7131574851,3.37805297,0.317798591,0.1586312046,0.4667063183,0.3001229513,0.1473811842,0.4503140821,186.2898715,112.8316272,301.3923466,6.035346143,3.666181818,9.516169673,0.748490237,0.748490237,0.748490237,0.3172848761,0.2994851492,0.0513714867,0.06378020881,1.536303252,1.474357171,0.9694036487,1.009362652,1.012189862,0.9692878778,0,Q4
376,Northern Mariana Islands,2023,58.17377873,24.43321469,100.6479837,2.054868672,0.8665341939,3.613917742,0.2493822765,0.1174043437,0.3753768037,0.2331481525,0.1085534576,0.3620997268,233.3280825,166.5281103,313.0014082,8.817531177,6.274024873,12.05587452,0.791104245,0.791104245,0.791104245,0.2493218052,0.2330435391,0.006047130702,0.01046134124,1.310122373,1.337011745,1.034445846,1.087489935,0.627756832,0.6557220533,0,Q4
380,Palau,2023,45.01806346,17.74390104,84.60412555,1.535621792,0.6073609982,2.873580674,0.2299510963,0.1094866475,0.361869003,0.2203331751,0.1023229614,0.3481385766,196.089494,124.0255821,286.3848459,6.984065136,4.412318759,10.18534975,0.75589719,0.75589719,0.75589719,0.2295791709,0.2198750673,0.0371925395,0.04581077487,1.485186598,1.475766812,1.097547955,1.115654123,0.8279855308,0.8266003932,0,Q4
385,Puerto Rico,2023,16.14070193,7.691084898,25.12008458,0.5885007188,0.2790387371,0.9202430322,0.2413069032,0.1118386833,0.3551458579,0.2258841715,0.1049720292,0.3330477427,66.81578752,57.27544818,76.72227999,2.603177845,2.230792998,2.964275432,0.847508564,0.847508564,0.847508564,0.2415701817,0.2260701165,-0.02632784729,-0.01859450435,1.079816712,1.08955567,1.008289325,1.009702061,0.2910514496,0.2817642428,0,Q5
393,Saint Kitts and Nevis,2023,13.97871811,5.534737946,25.09411095,0.5141462723,0.2009741603,0.9299649687,0.1640955986,0.06832433473,0.2901495658,0.1517760618,0.06319870144,0.2714207048,84.97076029,74.2964636,98.63787297,3.379321463,2.948264899,3.866223543,0.754464215,0.754464215,0.754464215,0.1645120988,0.1521448249,-0.0416500185,-0.03687631353,1.399225083,1.417866564,1.35180488,1.371902795,0.2864680661,0.2716399296,0,Q4
396,San Marino,2023,7.26911967,2.576599785,14.80981051,0.3028215607,0.1080608448,0.5981330844,0.1681725934,0.06959118022,0.3011850409,0.1664253179,0.06868882747,0.3016252509,43.20159147,28.26675711,64.25177238,1.821096346,1.197195172,2.736170465,0.883012202,0.883012202,0.883012202,0.1682604604,0.1662853046,-0.008786700482,0.01400132471,1.682901271,1.618353193,1.377120112,1.399645357,0.8329557788,0.8450817531,0,Q5
413,Tokelau,2023,49.80543586,20.53941901,96.2337892,1.60557245,0.6488790015,3.150952481,0.325877796,0.1683512303,0.467557506,0.2906603358,0.146022938,0.4281238314,152.8389939,84.60002554,250.3609362,5.52735232,3.129451741,8.880163156,0.749948959,0.749948959,0.749948959,0.325868645,0.2904776749,0.0009151026787,0.01826608485,1.519801381,1.558368468,0.91815484,0.9705517356,1.084545942,1.040409781,0,Q4
416,Tuvalu,2023,92.96144517,37.26965845,174.806845,2.848312935,1.140575489,5.370654214,0.283084458,0.1391573324,0.4216779481,0.2558922461,0.1229907752,0.3900237201,329.4980984,183.7338097,522.0033522,11.17121656,6.39975801,17.6870736,0.611233842,0.611233842,0.611233842,0.2821304451,0.2549689123,0.09540128749,0.09233337788,1.479507836,1.485117268,0.9980082187,1.04353668,1.026620621,1.010392693,0,Q2
422,United States Virgin Islands,2023,11.9852124,5.42099008,18.28414744,0.4168476823,0.1900438198,0.6633302967,0.2141762572,0.1019583024,0.3258269508,0.2043774017,0.09706516253,0.3110476785,55.93801362,47.91427068,64.63785279,2.040182228,1.755135946,2.349270395,0.816423321,0.816423321,0.816423321,0.2142588129,0.2043188479,-0.008255568551,0.005855373095,1.073252349,1.135394287,1.045254275,1.046996949,0.2989663205,0.2912163634,0,Q4
435,South Sudan,2023,15.04180409,4.681011413,34.83371209,0.432447212,0.1359571257,1.023443695,0.04065277757,0.01537496497,0.08450255275,0.03828881557,0.01421267315,0.0807937815,372.9674919,218.9744547,549.4833831,11.39943355,6.692650924,16.86060107,0.379080534,0.379080534,0.379080534,0.04033006742,0.03793585094,0.03227101493,0.03529646232,2.004593365,2.05224255,1.700439476,1.738917941,0.8861601495,0.8919697718,0,Q1
522,Sudan,2023,29.14829242,10.97591796,53.92984781,1.212300041,0.4482957094,2.290910182,0.1413501626,0.06280073417,0.2315252214,0.1450831225,0.06227540908,0.2422555366,208.5961643,120.9009288,317.9932929,8.455612744,4.756457256,12.84838442,0.573101197,0.573101197,0.573101197,0.1397355149,0.1433722283,0.1614647671,0.1710894188,1.473634518,1.519932699,1.193663199,1.240531113,0.9448513342,0.9569888551,0,Q2
