outcome,horizon,family,mean_fold_rmsle,mean_fold_mae,mean_fold_rmse,mean_fold_wape,mean_fold_median_absolute_error,mean_fold_r2,mean_fold_spearman,country_macro_rmsle,country_macro_mae,country_macro_rmse,country_macro_wape,country_macro_median_absolute_error,country_macro_r2,country_macro_spearman,complexity_rank,rank_rmsle,best_transparent_rmsle,skill_vs_persistence,skill_vs_best_transparent,task,task_order
daly,1,gru,0.03518378919,0.4402807393,0.8851403388,0.02188734769,0.2247027369,0.9983491936,0.9980518189,0.02578097962,0.4402807393,0.5236824869,0.02355380552,0.3803075578,-0.2519535273,0.7395267309,10,1,0.03554006766,0.1268540474,0.01002469876,DALY 1 y,0
daly,1,pooled_ridge,0.03554006766,0.4512763324,0.8499591659,0.02247719119,0.2307100674,0.9984951948,0.9981053899,0.02661583072,0.4512763324,0.5316815849,0.02477854405,0.4066166449,-0.5195254787,0.7356704645,3,2,0.03554006766,0.1180123873,0,DALY 1 y,0
daly,1,logtrend10,0.03724235944,0.4682513477,0.8895877773,0.02328499683,0.2572152144,0.9983673981,0.9978177924,0.02823889937,0.4682513477,0.5560608487,0.02606286034,0.4261501769,-1.113563731,0.7269062226,2,3,0.03554006766,0.0757671029,-0.04789782055,DALY 1 y,0
daly,1,random_forest,0.03773778511,0.5945987707,1.349995968,0.02958813912,0.2618324938,0.9961740514,0.9979556452,0.03006889484,0.5945987707,0.693715628,0.02738179528,0.5309379936,-0.9276452066,0.6760736196,6,4,0.03554006766,0.06347226682,-0.06183773978,DALY 1 y,0
daly,1,extra_trees,0.03776953096,0.5525529664,1.185076162,0.02751075299,0.2599829484,0.9970932853,0.9979619952,0.02891333171,0.5525529664,0.6439812169,0.0265511374,0.4951610358,-0.6997450855,0.690797546,7,5,0.03554006766,0.06268443929,-0.06273098081,DALY 1 y,0
daly,1,logtrend5,0.03780062134,0.4610590184,0.9130944354,0.02292310921,0.2333090698,0.9982876408,0.9977792306,0.02778566625,0.4610590184,0.5475288544,0.02559052591,0.4143641018,-0.5900461976,0.7191936897,1,6,0.03554006766,0.0619128784,-0.06360577869,DALY 1 y,0
daly,1,xgboost,0.03902776271,0.6439925319,1.78322293,0.03198796644,0.2402509416,0.9934761239,0.9979197383,0.02991158516,0.6439925319,0.7461744647,0.02738749531,0.5996443959,-1.441315892,0.7142051324,9,7,0.03554006766,0.03145926485,-0.09813417015,DALY 1 y,0
daly,1,persistence,0.04029542722,0.5238574746,0.9041721899,0.02608338892,0.3008993155,0.9983009316,0.9979367107,0.03284289594,0.5238574746,0.6121513735,0.03082129205,0.4816323042,-0.08456053874,0.7423312883,0,8,0.03554006766,0,-0.1338027718,DALY 1 y,0
daly,1,hist_gradient_boosting,0.04047976485,0.6898357895,1.869782329,0.03427936465,0.2563518682,0.9928887239,0.9978080942,0.03142036508,0.6898357895,0.79244094,0.0287357125,0.6295364457,-2.329776273,0.6900964067,8,9,0.03554006766,-0.004574653723,-0.1389895269,DALY 1 y,0
daly,1,ridge,0.2385560688,4.736179954,13.00279619,0.2356325433,2.06400378,0.6547947281,0.9392738771,0.1993843965,4.736179954,5.082835381,0.2134615906,4.614906743,-241.7786698,0.3889570552,4,10,0.03554006766,-4.920177182,-5.712313299,DALY 1 y,0
daly,1,elastic_net,0.2398522733,4.831765632,13.33244713,0.2404921337,2.178933895,0.634981699,0.9385890004,0.2002141683,4.831765632,5.112582099,0.2149700708,4.646514485,-231.8910802,0.4145486415,5,11,0.03554006766,-4.952344717,-5.748784938,DALY 1 y,0
daly,3,extra_trees,0.06820899204,0.9498161607,1.743421582,0.04726888934,0.494279821,0.9936780222,0.994026263,0.05381560462,0.9498161607,1.095688395,0.0507613214,0.9163959926,-7.819548563,0.5586327783,7,1,0.07697530111,0.2846306265,0.1138847,DALY 3 y,1
daly,3,xgboost,0.07224084087,1.142238686,2.332059026,0.05683830224,0.5418796151,0.9887205195,0.9935465491,0.05929219019,1.142238686,1.318929344,0.05556162831,1.046809447,-10.0548779,0.5260297984,9,2,0.07697530111,0.2423449821,0.06150622561,DALY 3 y,1
daly,3,hist_gradient_boosting,0.07283623853,1.221940708,2.749393806,0.06083433336,0.5672764661,0.9839640759,0.9934308636,0.0595843512,1.221940708,1.398856374,0.05631505151,1.15847636,-10.94956785,0.5123575811,8,3,0.07697530111,0.2361005086,0.05377130746,DALY 3 y,1
daly,3,random_forest,0.07338212199,1.151343171,2.193524794,0.05731179391,0.5598486828,0.9900311893,0.9934069645,0.05869600572,1.151343171,1.283625819,0.0565523828,1.130641828,-8.880838697,0.5775635408,6,4,0.07697530111,0.2303753351,0.04667963712,DALY 3 y,1
daly,3,gru,0.07370134776,1.074446529,1.877691786,0.0534583868,0.5745992903,0.9928009912,0.9928386969,0.05963677822,1.074446529,1.239251809,0.0565298146,1.047149945,-9.191138214,0.5915863278,10,5,0.07697530111,0.2270273258,0.04253251757,DALY 3 y,1
daly,3,pooled_ridge,0.07697530111,1.061533581,1.797534011,0.05286748638,0.5354832023,0.9933280275,0.9924254849,0.05991670285,1.061533581,1.203191675,0.0585138413,1.03275637,-11.12763016,0.547063979,3,6,0.07697530111,0.1926904168,0,DALY 3 y,1
daly,3,logtrend10,0.08537388793,1.134185463,1.882231508,0.05640724992,0.6280797544,0.9927989218,0.9896515724,0.06671438416,1.134185463,1.280882767,0.06441492827,1.142070216,-15.55399646,0.560035057,2,7,0.07697530111,0.1046068428,-0.109107554,DALY 3 y,1
daly,3,logtrend5,0.0894703223,1.219498875,2.11090169,0.06065732962,0.6434084139,0.9909454549,0.9898204825,0.07037528015,1.219498875,1.390167707,0.06653247096,1.212880781,-13.65135895,0.4071866784,1,8,0.07697530111,0.06164383163,-0.1623250706,DALY 3 y,1
daly,3,persistence,0.09534793431,1.321540826,2.018070684,0.06578861452,0.7951584927,0.9916443887,0.9914937662,0.08079402495,1.321540826,1.466435619,0.07865670037,1.305768072,-7.259794295,0.5817703769,0,9,0.07697530111,0,-0.2386821868,DALY 3 y,1
daly,3,elastic_net,0.2549288695,5.497445748,16.48756115,0.2739055127,2.359390723,0.3994128515,0.9300317356,0.2146336623,5.497445748,5.84038882,0.2298011979,5.32882201,-298.86596,0.4352322524,5,10,0.07697530111,-1.673669559,-2.311826856,DALY 3 y,1
daly,3,ridge,0.2554703198,5.607855975,18.43926355,0.2793746623,2.319811347,0.2437037382,0.9312460872,0.2133016961,5.607855975,5.998513254,0.2298294173,5.378055277,-359.6252434,0.4408413672,4,11,0.07697530111,-1.679348238,-2.318860935,DALY 3 y,1
daly,5,extra_trees,0.08189067552,1.215384632,2.171897971,0.06047748543,0.5818758225,0.990367314,0.991456128,0.06382197544,1.215384632,1.362996315,0.06121572185,1.178316852,-10.17243437,0.6101665206,7,1,0.1136407587,0.4434014575,0.2793899262,DALY 5 y,2
daly,5,hist_gradient_boosting,0.09063413269,1.437382845,2.792463632,0.07143723837,0.6850734134,0.9841257595,0.9895146433,0.07464688857,1.437382845,1.651454912,0.07033285782,1.357484416,-16.05394743,0.4744960561,8,2,0.1136407587,0.3839735009,0.2024504789,DALY 5 y,2
daly,5,xgboost,0.09236684598,1.451442071,2.853452227,0.07214421523,0.7084673068,0.9834659553,0.9891746294,0.07522454636,1.451442071,1.66592442,0.07143882788,1.359957402,-15.79130486,0.4867659947,9,3,0.1136407587,0.3721965106,0.1872031917,DALY 5 y,2
daly,5,random_forest,0.09529226364,1.517758467,2.819931134,0.0755278381,0.6836369261,0.9837065315,0.9890932339,0.07534474828,1.517758467,1.682564588,0.07318651903,1.478215516,-16.40308616,0.5617879053,6,4,0.1136407587,0.3523128889,0.1614605119,DALY 5 y,2
daly,5,gru,0.09643178915,1.343485309,2.192157891,0.06683620408,0.7393691225,0.9901840881,0.9872217147,0.08057695791,1.343485309,1.556057336,0.07689648853,1.278502313,-18.84836291,0.4348816827,10,5,0.1136407587,0.3445677063,0.1514330752,DALY 5 y,2
daly,5,pooled_ridge,0.1136407587,1.610074535,2.705164428,0.08007996667,0.8087315325,0.9851159297,0.9836672136,0.08808390978,1.610074535,1.777800006,0.09014582751,1.620384464,-31.88286136,0.4850131464,3,6,0.1136407587,0.2276009416,0,DALY 5 y,2
daly,5,logtrend10,0.1344720107,1.765702909,2.858638617,0.08778629879,0.976466308,0.9833996055,0.9741713029,0.1037559986,1.765702909,1.957805353,0.1025185361,1.800518913,-37.87995683,0.4741454864,2,7,0.1136407587,0.08601407114,-0.1833079273,DALY 5 y,2
daly,5,persistence,0.1471270032,2.072040377,3.032787844,0.1030740538,1.302715541,0.9813233295,0.9823162792,0.1259758353,2.072040377,2.22405545,0.1239673303,2.081429581,-23.96584311,0.5330411919,0,8,0.1136407587,0,-0.2946675544,DALY 5 y,2
daly,5,logtrend5,0.1528185465,1.928930082,3.141038624,0.09582845927,1.068514939,0.9799692543,0.9694889257,0.1154480166,1.928930082,2.198106731,0.1094108471,1.904826507,-40.96434507,0.3181419807,1,9,0.1136407587,-0.03868455962,-0.3447511986,DALY 5 y,2
daly,5,ridge,0.2733113853,6.597056314,24.7123888,0.3289730425,2.565786631,-0.4224994175,0.9252081574,0.226883377,6.597056314,7.128755314,0.2466286702,6.251989584,-522.9837615,0.4545135846,4,10,0.1136407587,-0.8576561704,-1.405047171,DALY 5 y,2
daly,5,elastic_net,0.2741074503,6.291098646,20.28446453,0.3134406527,2.545401666,0.06678039399,0.9228005517,0.2293620048,6.291098646,6.629672828,0.2459424662,5.967428687,-372.6892538,0.5046450482,5,11,0.1136407587,-0.8630669043,-1.412052273,DALY 5 y,2
death,1,gru,0.01393987748,0.01555711092,0.03157657982,0.02164342967,0.008189311268,0.9981750279,0.9978688234,0.009848436496,0.01555711092,0.01872236782,0.02368052662,0.01356617655,-0.1110552074,0.7637160386,10,1,0.01411805949,0.09594180452,0.01262085668,Death 1 y,3
death,1,pooled_ridge,0.01411805949,0.01621242257,0.03050241225,0.02258805768,0.008742955306,0.9983043244,0.997864667,0.01034564343,0.01621242257,0.01918154475,0.02782011787,0.01420915134,-0.2814381419,0.7493426819,3,2,0.01411805949,0.08438597109,0,Death 1 y,3
death,1,logtrend5,0.01472538696,0.01653187011,0.03329017424,0.0230139982,0.008294852568,0.9980072098,0.9976974887,0.01045734121,0.01653187011,0.01976102662,0.02546206969,0.01455657413,-0.2897910428,0.7314636284,1,3,0.01411805949,0.04499829484,-0.04301777278,Death 1 y,3
death,1,logtrend10,0.01472679755,0.01693350492,0.03218968557,0.0235771482,0.009432467469,0.9981324794,0.9976509605,0.01068732684,0.01693350492,0.02009557201,0.02600900074,0.01518542601,-0.4679268762,0.7486415425,2,4,0.01411805949,0.04490681252,-0.04311768641,Death 1 y,3
death,1,extra_trees,0.0153383988,0.0185238496,0.03815746488,0.02580614444,0.008528869005,0.9973713866,0.9978043997,0.01096091271,0.0185238496,0.02196036238,0.0259780923,0.01661521011,-0.5057651081,0.7160385627,7,5,0.01411805949,0.005241964372,-0.08643817615,Death 1 y,3
death,1,persistence,0.01541922583,0.01869512909,0.03231548162,0.02605528812,0.01107229522,0.9981043492,0.9977128442,0.01193392674,0.01869512909,0.02191118953,0.03080468003,0.01710037756,-0.03413269539,0.756704645,0,6,0.01411805949,0,-0.09216325703,Death 1 y,3
death,1,random_forest,0.01609189713,0.01944171286,0.04142371421,0.02706727345,0.008960861582,0.9969639102,0.9976537314,0.01138069261,0.01944171286,0.02300806259,0.02662033763,0.01704784725,-0.6784855294,0.7170902717,6,7,0.01411805949,-0.0436254913,-0.1398094157,Death 1 y,3
death,1,hist_gradient_boosting,0.01644213922,0.0202773541,0.04300351236,0.02822998439,0.008592627933,0.9966926044,0.9977716106,0.01170303569,0.0202773541,0.02391837987,0.02739168332,0.01799531013,-0.8842146551,0.7079754601,8,8,0.01411805949,-0.06634012621,-0.1646175053,Death 1 y,3
death,1,xgboost,0.01868268101,0.02292029555,0.06923770546,0.03183484376,0.008936641366,0.9910291474,0.9978088733,0.01215458274,0.02292029555,0.02754987601,0.02771663204,0.01951040342,-2.105762935,0.7075084635,9,9,0.01411805949,-0.2116484456,-0.3233179127,Death 1 y,3
death,1,elastic_net,0.06271021191,0.0964848711,0.1972576283,0.1343130817,0.05698614938,0.9314750977,0.9774388993,0.05011807341,0.0964848711,0.1002083563,0.1562444778,0.0948110284,-106.4923385,0.6224364592,5,10,0.01411805949,-3.067014298,-3.441843582,Death 1 y,3
death,1,ridge,0.06309995849,0.09735329089,0.2035353806,0.1355280704,0.05656305296,0.9270721243,0.9770116017,0.05048596662,0.09735329089,0.1011869306,0.1596315752,0.09543667003,-108.7014812,0.588080631,4,11,0.01411805949,-3.092290961,-3.469449825,Death 1 y,3
death,3,extra_trees,0.02643775868,0.03152016636,0.05299932278,0.04391469823,0.01797911171,0.9949767991,0.9937472092,0.01981495186,0.03152016636,0.03643436391,0.05030000557,0.02975737086,-4.514652767,0.6059596845,7,1,0.03078958334,0.261380394,0.1413408104,Death 3 y,4
death,3,random_forest,0.02805943515,0.035390447,0.05883760688,0.04932092811,0.01957441251,0.9938237708,0.9933247608,0.0214975024,0.035390447,0.04055700645,0.05399612015,0.03373020834,-5.300113305,0.5772129711,6,2,0.03078958334,0.2160739045,0.08867116385,Death 3 y,4
death,3,hist_gradient_boosting,0.02838120157,0.03636745486,0.06581032412,0.05064192309,0.01987929275,0.9923660739,0.99346042,0.02192871297,0.03636745486,0.04227919525,0.05444495959,0.034654606,-6.33787473,0.5312883436,8,3,0.03078958334,0.207084376,0.07822066783,Death 3 y,4
death,3,gru,0.02888679874,0.03616684576,0.06036710351,0.05038570776,0.02179563843,0.9934941071,0.9926902223,0.02240842803,0.03616684576,0.04179759784,0.05569677905,0.03513009787,-6.926301087,0.6049079755,10,4,0.03078958334,0.1929589734,0.06179962154,Death 3 y,4
death,3,xgboost,0.02993234497,0.03722480378,0.08086251307,0.05177203091,0.0197398018,0.9873320588,0.9933538554,0.02228924659,0.03722480378,0.04469486077,0.05449576571,0.03376902846,-7.092360176,0.5439088519,9,5,0.03078958334,0.1637484434,0.02784183079,Death 3 y,4
death,3,pooled_ridge,0.03078958334,0.03769091863,0.06196399772,0.05251957177,0.02150520376,0.9931469896,0.9917544627,0.02347303189,0.03769091863,0.04295530051,0.06757643931,0.0368911226,-8.130405072,0.5533742331,3,6,0.03078958334,0.1397988691,0,Death 3 y,4
death,3,logtrend10,0.03318861288,0.04052889233,0.06657856558,0.05641131636,0.02192647085,0.9921854322,0.9894601487,0.02490677752,0.04052889233,0.04583637077,0.06357247709,0.04099517962,-9.095152379,0.5775635408,2,7,0.03078958334,0.07277464521,-0.07791692136,Death 3 y,4
death,3,logtrend5,0.03495653141,0.0434337803,0.0734862503,0.06046980931,0.02374001669,0.990489629,0.9897755707,0.0264390103,0.0434337803,0.0496250716,0.06617925254,0.04348711159,-9.323492957,0.4243645925,1,8,0.03078958334,0.02338243668,-0.1353362931,Death 3 y,4
death,3,persistence,0.03579346996,0.0469637615,0.06970340089,0.06543137023,0.0300026638,0.991338143,0.9909265377,0.02883082957,0.0469637615,0.05192413217,0.07853494581,0.04640874328,-5.726128345,0.6161262051,0,9,0.03078958334,0,-0.1625188157,Death 3 y,4
death,3,ridge,0.06936437334,0.1078598357,0.2267683655,0.1501975776,0.06564851273,0.907583723,0.9709085556,0.05633608718,0.1078598357,0.1139723908,0.1742239027,0.1071508653,-117.3742705,0.4990359334,4,10,0.03078958334,-0.9379058086,-1.252851966,Death 3 y,4
death,3,elastic_net,0.06955422273,0.1071428025,0.2122691236,0.1491668626,0.06839172541,0.9201072272,0.9712460294,0.05608456471,0.1071428025,0.1124824112,0.1654289844,0.1064439918,-115.4599184,0.5463628396,5,11,0.03078958334,-0.9432098315,-1.259017992,Death 3 y,4
death,5,extra_trees,0.03208069486,0.03899973516,0.06246947236,0.05430414966,0.02257879147,0.9930902467,0.9906278566,0.02414220834,0.03899973516,0.04387195261,0.06328605477,0.03707597394,-7.971928451,0.6070113935,7,1,0.0456389973,0.4133378615,0.2970771322,Death 5 y,5
death,5,gru,0.03376229208,0.04224343001,0.06999039944,0.05877974772,0.02491311696,0.9913688076,0.9905596229,0.02666788067,0.04224343001,0.04932655702,0.0693895322,0.04018925056,-10.50877151,0.4948290973,10,2,0.0456389973,0.3825863636,0.2602315108,Death 5 y,5
death,5,xgboost,0.03578022497,0.04520300951,0.07173919355,0.06293183993,0.02717211984,0.9909438178,0.9887662665,0.02780021821,0.04520300951,0.05132818052,0.07231434818,0.0425482406,-10.17152521,0.5197195443,9,3,0.0456389973,0.3456842695,0.2160164095,Death 5 y,5
death,5,random_forest,0.03588127486,0.04541246106,0.07322676996,0.06323218799,0.02652863297,0.9904419438,0.9882907089,0.02763725956,0.04541246106,0.05111205717,0.07225880627,0.04316032409,-10.49394735,0.5495179667,6,4,0.0456389973,0.3438363623,0.2138022966,Death 5 y,5
death,5,hist_gradient_boosting,0.03610316316,0.04712065576,0.08276302878,0.06554645315,0.02497753531,0.9877408206,0.9886998801,0.02834387838,0.04712065576,0.05459619541,0.07086440666,0.04347082006,-11.06434858,0.5148115688,8,5,0.0456389973,0.3397786739,0.208940483,Death 5 y,5
death,5,pooled_ridge,0.0456389973,0.05660881159,0.08960392108,0.07876675129,0.03214801921,0.9858757715,0.9831610606,0.03444466784,0.05660881159,0.06252115998,0.105440032,0.05721055513,-23.28190278,0.5099035933,3,6,0.0456389973,0.1653961403,0,Death 5 y,5
death,5,logtrend10,0.05037285635,0.06287161862,0.09997706662,0.087463224,0.03527856273,0.9824068697,0.9764649242,0.03790017567,0.06287161862,0.06978856098,0.1004362675,0.06430913663,-23.97004104,0.4934268186,2,7,0.0456389973,0.07882769515,-0.1037239933,Death 5 y,5
death,5,persistence,0.05468342468,0.07337410822,0.1046911435,0.1021513582,0.0492874211,0.9806938026,0.9821420582,0.04428439378,0.07337410822,0.07870613423,0.1233677501,0.07377601853,-17.86956236,0.5460122699,0,8,0.0456389973,0,-0.1981732272,Death 5 y,5
death,5,logtrend5,0.05692535686,0.06915403911,0.1109691123,0.09611321514,0.03945098101,0.978269905,0.971523236,0.04277843172,0.06915403911,0.07872522322,0.1083060995,0.067542878,-27.49986042,0.316739702,1,9,0.0456389973,-0.0409983864,-0.2472963962,Death 5 y,5
death,5,elastic_net,0.07714079845,0.1209527071,0.2573726158,0.1685181827,0.0768101163,0.8755263405,0.9640019454,0.06161423044,0.1209527071,0.1277479182,0.1802814324,0.1191957488,-126.5554726,0.5225241017,5,10,0.0456389973,-0.4106797243,-0.6902386779,Death 5 y,5
death,5,ridge,0.07765584823,0.1198602571,0.2342119693,0.1668508659,0.07789879189,0.9019199181,0.9614921931,0.06283946522,0.1198602571,0.1250318279,0.1904168115,0.121194887,-125.0335186,0.5628396144,4,11,0.0456389973,-0.4200984792,-0.7015239778,Death 5 y,5
