partition,outcome,horizon,family,fraction_definition,n,rmsle,mae,rmse,wape,median_absolute_error,r2,spearman,direct_percent_rmsle,delta_rmsle_vs_direct_percent,task,task_order
test_spatiotemporal_unseen_country,daly,1,gru,ASR_ratio_sensitivity,205,0.05788726689,1.567340608,3.910743937,0.0483825226,0.5309317238,0.9938950552,0.995722305,0.05854708752,-0.0006598206324,DALY 1 y,0
test_spatiotemporal_unseen_country,daly,1,gru,direct_GBD_Percent,205,0.05854708752,1.582002109,3.895755286,0.04883511116,0.5369873648,0.9939417622,0.9956582301,0.05854708752,0,DALY 1 y,0
test_spatiotemporal_unseen_country,daly,1,random_forest,ASR_ratio_sensitivity,205,0.1178426218,5.226017531,21.70750194,0.1613228867,0.5574505969,0.8119026498,0.9954520762,0.1175985001,0.0002441216564,DALY 1 y,0
test_spatiotemporal_unseen_country,daly,1,random_forest,direct_GBD_Percent,205,0.1175985001,5.21107757,21.57105309,0.1608617024,0.53402919,0.8142598995,0.995374072,0.1175985001,0,DALY 1 y,0
test_spatiotemporal_unseen_country,daly,3,extra_trees,ASR_ratio_sensitivity,205,0.1334316707,5.363226078,20.89958007,0.1655584024,0.9022532019,0.8256435167,0.9890334443,0.1329024479,0.0005292227743,DALY 3 y,1
test_spatiotemporal_unseen_country,daly,3,extra_trees,direct_GBD_Percent,205,0.1329024479,5.341418606,20.76038042,0.1648852235,0.9752869096,0.8279583514,0.989019515,0.1329024479,0,DALY 3 y,1
test_spatiotemporal_unseen_country,daly,3,gru,ASR_ratio_sensitivity,205,0.1001997007,2.525395177,5.311982145,0.07795688356,1.124623504,0.9887364266,0.9887395356,0.1021959424,-0.001996241655,DALY 3 y,1
test_spatiotemporal_unseen_country,daly,3,gru,direct_GBD_Percent,205,0.1021959424,2.880663968,8.147737571,0.08892374054,1.142329249,0.9735005387,0.9875346492,0.1021959424,0,DALY 3 y,1
test_spatiotemporal_unseen_country,daly,5,extra_trees,ASR_ratio_sensitivity,205,0.2100373427,7.406550439,29.75262593,0.2286341541,1.374988512,0.646643093,0.9779930632,0.2100536928,-1.635012983e-05,DALY 5 y,2
test_spatiotemporal_unseen_country,daly,5,extra_trees,direct_GBD_Percent,205,0.2100536928,7.441725771,29.84523033,0.2297199878,1.275991787,0.6444400385,0.9786268474,0.2100536928,0,DALY 5 y,2
test_spatiotemporal_unseen_country,daly,5,gru,ASR_ratio_sensitivity,205,0.148519069,3.180562503,5.728083645,0.09818136304,1.81067253,0.9869027028,0.9718014793,0.1623034463,-0.01378437735,DALY 5 y,2
test_spatiotemporal_unseen_country,daly,5,gru,direct_GBD_Percent,205,0.1623034463,4.355405252,11.34820459,0.1344477978,2.043850856,0.9485935878,0.9616804335,0.1623034463,0,DALY 5 y,2
test_spatiotemporal_unseen_country,death,1,extra_trees,ASR_ratio_sensitivity,205,0.1084014315,0.1978165066,0.9814401121,0.1658516702,0.01790471029,0.7312180415,0.9963296235,0.108992679,-0.000591247531,Death 1 y,3
test_spatiotemporal_unseen_country,death,1,extra_trees,direct_GBD_Percent,205,0.108992679,0.1968510394,0.9863859385,0.1650422112,0.01791119753,0.7285022397,0.9962906214,0.108992679,0,Death 1 y,3
test_spatiotemporal_unseen_country,death,1,gru,ASR_ratio_sensitivity,205,0.02604069726,0.0554688183,0.1373768276,0.04650570529,0.01959623921,0.9947337742,0.9960802886,0.02607571679,-3.501953162e-05,Death 1 y,3
test_spatiotemporal_unseen_country,death,1,gru,direct_GBD_Percent,205,0.02607571679,0.05523260902,0.1372276679,0.04630766467,0.01898954544,0.9947452039,0.99613322,0.02607571679,0,Death 1 y,3
test_spatiotemporal_unseen_country,death,3,extra_trees,ASR_ratio_sensitivity,205,0.1113794659,0.2189073706,0.9720879367,0.183534497,0.0344262072,0.7363160999,0.9892563135,0.1120542189,-0.0006747530319,Death 3 y,4
test_spatiotemporal_unseen_country,death,3,extra_trees,direct_GBD_Percent,205,0.1120542189,0.2187797227,0.9767514136,0.1834274755,0.03593356966,0.7337800466,0.9891964174,0.1120542189,0,Death 3 y,4
test_spatiotemporal_unseen_country,death,3,gru,ASR_ratio_sensitivity,205,0.05161317114,0.1052961364,0.2639159117,0.08828151089,0.04226629756,0.9805641447,0.9841721107,0.04757073767,0.004042433473,Death 3 y,4
test_spatiotemporal_unseen_country,death,3,gru,direct_GBD_Percent,205,0.04757073767,0.09682594818,0.2563901804,0.08118000614,0.03544682865,0.9816567924,0.9835773286,0.04757073767,0,Death 3 y,4
test_spatiotemporal_unseen_country,death,5,extra_trees,ASR_ratio_sensitivity,205,0.1175090751,0.2324095548,0.9852611758,0.1948548859,0.05264267131,0.7291210572,0.9834394283,0.118112109,-0.0006030338886,Death 5 y,5
test_spatiotemporal_unseen_country,death,5,extra_trees,direct_GBD_Percent,205,0.118112109,0.2331971921,0.9871798121,0.1955152502,0.0553766016,0.7280650444,0.982439303,0.118112109,0,Death 5 y,5
test_spatiotemporal_unseen_country,death,5,gru,ASR_ratio_sensitivity,205,0.07485582087,0.1340479488,0.2687972519,0.1123873663,0.06655480998,0.9798385318,0.9718028722,0.0810680726,-0.006212251736,Death 5 y,5
test_spatiotemporal_unseen_country,death,5,gru,direct_GBD_Percent,205,0.0810680726,0.1339363139,0.2880758304,0.1122937703,0.05655318956,0.9768427944,0.9768341436,0.0810680726,0,Death 5 y,5
test_temporal_seen_country,daly,1,gru,ASR_ratio_sensitivity,815,0.06195399611,1.10806909,2.296559308,0.04882934873,0.4746992544,0.9915334645,0.9954351049,0.06258440232,-0.0006304062096,DALY 1 y,0
test_temporal_seen_country,daly,1,gru,direct_GBD_Percent,815,0.06258440232,1.13521915,2.337972767,0.0500257721,0.4870451309,0.9912253602,0.9953705986,0.06258440232,0,DALY 1 y,0
test_temporal_seen_country,daly,1,random_forest,ASR_ratio_sensitivity,815,0.06564471942,1.332114443,3.612269555,0.0587023691,0.4692676061,0.9790535368,0.9951102016,0.06565754799,-1.282856915e-05,DALY 1 y,0
test_temporal_seen_country,daly,1,random_forest,direct_GBD_Percent,815,0.06565754799,1.334861888,3.608895112,0.0588234409,0.4724764343,0.9790926532,0.9951210191,0.06565754799,0,DALY 1 y,0
test_temporal_seen_country,daly,3,extra_trees,ASR_ratio_sensitivity,815,0.1031650942,1.997910206,4.584565324,0.08804203193,0.7932027589,0.9662598715,0.9883502306,0.1027102069,0.0004548873089,DALY 3 y,1
test_temporal_seen_country,daly,3,extra_trees,direct_GBD_Percent,815,0.1027102069,1.992487138,4.553513604,0.08780305326,0.81444318,0.9667153742,0.9885214937,0.1027102069,0,DALY 3 y,1
test_temporal_seen_country,daly,3,gru,ASR_ratio_sensitivity,815,0.1044533575,2.004407316,4.09768581,0.08832834048,0.8427713377,0.9730457213,0.9888978912,0.1055184143,-0.001065056829,DALY 3 y,1
test_temporal_seen_country,daly,3,gru,direct_GBD_Percent,815,0.1055184143,2.014431251,4.079023969,0.08877006585,0.7990813402,0.9732906747,0.9881764626,0.1055184143,0,DALY 3 y,1
test_temporal_seen_country,daly,5,extra_trees,ASR_ratio_sensitivity,815,0.1251975558,2.494886124,5.22201779,0.1099423003,1.109284046,0.9562249051,0.9838957277,0.1244208865,0.0007766692187,DALY 5 y,2
test_temporal_seen_country,daly,5,extra_trees,direct_GBD_Percent,815,0.1244208865,2.479121142,5.172748794,0.1092475839,1.119756259,0.957047032,0.9841720185,0.1244208865,0,DALY 5 y,2
test_temporal_seen_country,daly,5,gru,ASR_ratio_sensitivity,815,0.1322223921,2.392832535,4.416167478,0.1054450985,1.186790165,0.9686929986,0.9816912308,0.1318320263,0.000390365828,DALY 5 y,2
test_temporal_seen_country,daly,5,gru,direct_GBD_Percent,815,0.1318320263,2.432021087,4.413617061,0.1071720228,1.266704195,0.9687291489,0.9800752928,0.1318320263,0,DALY 5 y,2
test_temporal_seen_country,death,1,extra_trees,ASR_ratio_sensitivity,815,0.03305737588,0.04761529613,0.1332165192,0.05881020706,0.01705022911,0.9754269407,0.9956219071,0.03301740365,3.997222666e-05,Death 1 y,3
test_temporal_seen_country,death,1,extra_trees,direct_GBD_Percent,815,0.03301740365,0.04741528404,0.1322279524,0.05856316979,0.01696221747,0.9757902887,0.9956613424,0.03301740365,0,Death 1 y,3
test_temporal_seen_country,death,1,gru,ASR_ratio_sensitivity,815,0.02828623448,0.03880050121,0.08026966256,0.04792295115,0.01702517102,0.9910783344,0.9955716986,0.02845227401,-0.0001660395291,Death 1 y,3
test_temporal_seen_country,death,1,gru,direct_GBD_Percent,815,0.02845227401,0.03899550125,0.08103028321,0.04816379796,0.01760077578,0.9909084532,0.9955057515,0.02845227401,0,Death 1 y,3
test_temporal_seen_country,death,3,extra_trees,ASR_ratio_sensitivity,815,0.04762605659,0.06871820998,0.157946261,0.08487466184,0.02812384519,0.9654568639,0.989339194,0.04777721705,-0.0001511604657,Death 3 y,4
test_temporal_seen_country,death,3,extra_trees,direct_GBD_Percent,815,0.04777721705,0.06881642407,0.158829276,0.08499596722,0.02800556781,0.9650695503,0.9892667519,0.04777721705,0,Death 3 y,4
test_temporal_seen_country,death,3,gru,ASR_ratio_sensitivity,815,0.05064327185,0.07272604765,0.1481762179,0.08982478884,0.03243860111,0.9695981456,0.9875324194,0.04765839851,0.002984873341,Death 3 y,4
test_temporal_seen_country,death,3,gru,direct_GBD_Percent,815,0.04765839851,0.06802269196,0.1397247475,0.08401561944,0.03170616286,0.9729672809,0.9884011928,0.04765839851,0,Death 3 y,4
test_temporal_seen_country,death,5,extra_trees,ASR_ratio_sensitivity,815,0.0533042537,0.07919206933,0.1640809833,0.09781104757,0.04022678825,0.9627214025,0.9857378589,0.05334079777,-3.654406962e-05,Death 5 y,5
test_temporal_seen_country,death,5,extra_trees,direct_GBD_Percent,815,0.05334079777,0.07921239652,0.1650551597,0.09783615391,0.03925742587,0.9622774299,0.9858623493,0.05334079777,0,Death 5 y,5
test_temporal_seen_country,death,5,gru,ASR_ratio_sensitivity,815,0.05791131065,0.08274760342,0.1570894472,0.1022025292,0.04511698982,0.9658306209,0.9795757348,0.05576823479,0.002143075856,Death 5 y,5
test_temporal_seen_country,death,5,gru,direct_GBD_Percent,815,0.05576823479,0.07886137923,0.1529341124,0.09740260837,0.04224540389,0.9676144111,0.9810122522,0.05576823479,0,Death 5 y,5
