outcome,location_id,location_name,sdi_quintile_2023_assignment_only,extra_trees,persistence,pooled_ridge,selected_family,selected_rmsle,delta_vs_persistence,delta_vs_pooled
daly,7,Democratic People's Republic of Korea,Q2,0.08722084397,0.2063767915,0.0848337778,extra_trees,0.08722084397,-0.1191559475,0.002387066167
daly,17,Sri Lanka,Q3,0.1093453223,0.2385822964,0.1053896807,extra_trees,0.1093453223,-0.1292369741,0.003955641593
daly,19,Timor-Leste,Q1,0.09378239662,0.140739946,0.07793147255,extra_trees,0.09378239662,-0.04695754934,0.01585092407
daly,23,Kiribati,Q2,0.1440180279,0.09983335031,0.05163106472,extra_trees,0.1440180279,0.0441846776,0.0923869632
daly,24,Marshall Islands,Q2,0.07511091813,0.106660696,0.09605065083,extra_trees,0.07511091813,-0.0315497779,-0.0209397327
daly,27,Samoa,Q2,0.1346966276,0.1257289717,0.08342272281,extra_trees,0.1346966276,0.008967655905,0.05127390475
daly,30,Vanuatu,Q1,0.03866090786,0.04665581536,0.07930333941,extra_trees,0.03866090786,-0.0079949075,-0.04064243155
daly,33,Armenia,Q3,0.1798338503,0.2732692231,0.2582574748,extra_trees,0.1798338503,-0.09343537283,-0.07842362448
daly,35,Georgia,Q4,0.03505212401,0.1227924956,0.05561336551,extra_trees,0.03505212401,-0.08774037159,-0.0205612415
daly,38,Mongolia,Q3,0.984615833,0.1796892014,0.1063978113,extra_trees,0.984615833,0.8049266316,0.8782180217
daly,40,Turkmenistan,Q3,0.1493835593,0.08035097634,0.02973384658,extra_trees,0.1493835593,0.06903258292,0.1196497127
daly,44,Bosnia and Herzegovina,Q3,0.03891907352,0.03368638946,0.07201020712,extra_trees,0.03891907352,0.00523268406,-0.0330911336
daly,50,Montenegro,Q4,0.0310238839,0.03729088623,0.05180707848,extra_trees,0.0310238839,-0.006267002328,-0.02078319458
daly,57,Belarus,Q4,0.06390863905,0.1174835069,0.06539750831,extra_trees,0.06390863905,-0.05357486786,-0.001488869263
daly,67,Japan,Q5,0.3882930808,0.1343341794,0.1783241563,extra_trees,0.3882930808,0.2539589014,0.2099689245
daly,72,New Zealand,Q5,0.03785320899,0.05440757863,0.05748017737,extra_trees,0.03785320899,-0.01655436964,-0.01962696837
daly,74,Andorra,Q5,0.09001529035,0.1058243845,0.05233859668,extra_trees,0.09001529035,-0.01580909418,0.03767669367
daly,80,France,Q5,0.05666355007,0.06199482939,0.08345954557,extra_trees,0.05666355007,-0.005331279314,-0.02679599549
daly,89,Netherlands,Q5,0.01928380437,0.1631244305,0.04627838455,extra_trees,0.01928380437,-0.1438406261,-0.02699458018
daly,95,United Kingdom,Q5,0.03818078751,0.09797716723,0.02879182187,extra_trees,0.03818078751,-0.05979637972,0.00938896564
daly,113,Guyana,Q3,0.2765637979,0.2797972743,0.1986658514,extra_trees,0.2765637979,-0.003233476461,0.07789794649
daly,123,Peru,Q3,0.2328853157,0.3458430814,0.2356663807,extra_trees,0.2328853157,-0.1129577657,-0.002781064977
daly,136,Paraguay,Q3,0.05593249817,0.07171788772,0.08808209172,extra_trees,0.05593249817,-0.01578538955,-0.03214959355
daly,140,Bahrain,Q4,0.06594960554,0.1150746918,0.06481407599,extra_trees,0.06594960554,-0.04912508631,0.001135529553
daly,145,Kuwait,Q5,0.3335274229,0.1457129759,0.2692464656,extra_trees,0.3335274229,0.187814447,0.06428095733
daly,147,Libya,Q4,0.06525747929,0.1414870162,0.1047187953,extra_trees,0.06525747929,-0.0762295369,-0.03946131599
daly,149,Palestine,Q2,0.1802376645,0.0647409661,0.08058124954,extra_trees,0.1802376645,0.1154966984,0.099656415
daly,150,Oman,Q4,0.07823395305,0.08250989998,0.05412517285,extra_trees,0.07823395305,-0.004275946929,0.0241087802
daly,152,Saudi Arabia,Q4,0.1668163779,0.2462607988,0.2191974086,extra_trees,0.1668163779,-0.07944442091,-0.05238103068
daly,153,Syrian Arab Republic,Q2,0.04262683291,0.1035027169,0.05148662695,extra_trees,0.04262683291,-0.060875884,-0.008859794035
daly,157,Yemen,Q1,0.0766491588,0.2022754308,0.09344152295,extra_trees,0.0766491588,-0.125626272,-0.01679236414
daly,165,Pakistan,Q2,0.08027388231,0.1568927839,0.05630789027,extra_trees,0.08027388231,-0.0766189016,0.02396599203
daly,168,Angola,Q1,0.1713511062,0.2075535183,0.1509599773,extra_trees,0.1713511062,-0.03620241209,0.02039112894
daly,177,Djibouti,Q1,0.05816406288,0.188562782,0.04394957869,extra_trees,0.05816406288,-0.1303987191,0.01421448419
daly,182,Malawi,Q1,0.2300870095,0.3295126247,0.1697505195,extra_trees,0.2300870095,-0.09942561512,0.06033649007
daly,187,Somalia,Q1,0.06718622535,0.07476647319,0.09268773566,extra_trees,0.06718622535,-0.007580247848,-0.02550151031
daly,191,Zambia,Q1,0.1066928811,0.2259995661,0.07311334316,extra_trees,0.1066928811,-0.119306685,0.03357953792
daly,213,Niger,Q1,0.09690102304,0.08072860544,0.09093971033,extra_trees,0.09690102304,0.0161724176,0.005961312707
daly,298,American Samoa,Q4,0.1386539998,0.07766222638,0.06095110284,extra_trees,0.1386539998,0.06099177347,0.077702897
daly,369,Nauru,Q2,0.2585967966,0.136925951,0.1406789181,extra_trees,0.2585967966,0.1216708456,0.1179178785
daly,385,Puerto Rico,Q5,0.07774800751,0.09461409132,0.07803423787,extra_trees,0.07774800751,-0.01686608382,-0.0002862303664
death,7,Democratic People's Republic of Korea,Q2,0.02762828703,0.06304129144,0.02537961865,extra_trees,0.02762828703,-0.03541300442,0.002248668376
death,17,Sri Lanka,Q3,0.01302660025,0.0334655351,0.01350721401,extra_trees,0.01302660025,-0.02043893485,-0.0004806137581
death,19,Timor-Leste,Q1,0.002378858342,0.01227982445,0.03110945563,extra_trees,0.002378858342,-0.009900966107,-0.02873059729
death,23,Kiribati,Q2,0.02789976953,0.04390738004,0.02305097474,extra_trees,0.02789976953,-0.01600761051,0.004848794795
death,24,Marshall Islands,Q2,0.03511489857,0.08528044951,0.05820702841,extra_trees,0.03511489857,-0.05016555094,-0.02309212984
death,27,Samoa,Q2,0.03878959548,0.06649829056,0.04464825244,extra_trees,0.03878959548,-0.02770869509,-0.005858656966
death,30,Vanuatu,Q1,0.0626710297,0.02381250968,0.03772434859,extra_trees,0.0626710297,0.03885852002,0.02494668111
death,33,Armenia,Q3,0.08982130746,0.1438827068,0.1491014336,extra_trees,0.08982130746,-0.05406139933,-0.05928012612
death,35,Georgia,Q4,0.02734096297,0.0513516723,0.02963262354,extra_trees,0.02734096297,-0.02401070932,-0.002291660571
death,38,Mongolia,Q3,0.6716123015,0.1477774811,0.1631166074,extra_trees,0.6716123015,0.5238348204,0.5084956941
death,40,Turkmenistan,Q3,0.05515038031,0.03961932058,0.01372168423,extra_trees,0.05515038031,0.01553105973,0.04142869608
death,44,Bosnia and Herzegovina,Q3,0.04719186898,0.01670395398,0.03303388343,extra_trees,0.04719186898,0.03048791499,0.01415798554
death,50,Montenegro,Q4,0.01409782332,0.01944547712,0.02109798716,extra_trees,0.01409782332,-0.005347653795,-0.007000163832
death,57,Belarus,Q4,0.03415095322,0.03860980247,0.02336259543,extra_trees,0.03415095322,-0.00445884925,0.01078835779
death,67,Japan,Q5,0.05396709951,0.03774758768,0.05212378262,extra_trees,0.05396709951,0.01621951182,0.001843316889
death,72,New Zealand,Q5,0.03244906772,0.02658723032,0.0295721395,extra_trees,0.03244906772,0.005861837397,0.002876928218
death,74,Andorra,Q5,0.03144819951,0.05571058181,0.02554604939,extra_trees,0.03144819951,-0.0242623823,0.005902150126
death,80,France,Q5,0.03065756803,0.03080080823,0.03851635245,extra_trees,0.03065756803,-0.0001432402032,-0.007858784423
death,89,Netherlands,Q5,0.02762820758,0.06420456552,0.02405206094,extra_trees,0.02762820758,-0.03657635794,0.003576146633
death,95,United Kingdom,Q5,0.04212629498,0.05349808908,0.01800181452,extra_trees,0.04212629498,-0.0113717941,0.02412448046
death,113,Guyana,Q3,0.0701839517,0.08655304736,0.06238362795,extra_trees,0.0701839517,-0.01636909566,0.007800323754
death,123,Peru,Q3,0.06495931186,0.1005937254,0.06931107653,extra_trees,0.06495931186,-0.03563441349,-0.004351764663
death,136,Paraguay,Q3,0.01484365723,0.02178778094,0.02413777176,extra_trees,0.01484365723,-0.00694412371,-0.00929411453
death,140,Bahrain,Q4,0.02877586923,0.04366404027,0.02358216943,extra_trees,0.02877586923,-0.01488817105,0.005193699799
death,145,Kuwait,Q5,0.07741215526,0.0376682486,0.07653857559,extra_trees,0.07741215526,0.03974390666,0.0008735796714
death,147,Libya,Q4,0.05652011379,0.08952761598,0.06319855524,extra_trees,0.05652011379,-0.03300750219,-0.006678441452
death,149,Palestine,Q2,0.03935333238,0.03761477954,0.0461558403,extra_trees,0.03935333238,0.00173855284,-0.006802507922
death,150,Oman,Q4,0.0738296452,0.06795435164,0.04050635931,extra_trees,0.0738296452,0.005875293559,0.03332328588
death,152,Saudi Arabia,Q4,0.2003667667,0.1633918873,0.1361262499,extra_trees,0.2003667667,0.0369748794,0.06424051686
death,153,Syrian Arab Republic,Q2,0.07035808672,0.07628214082,0.04824166653,extra_trees,0.07035808672,-0.005924054097,0.02211642019
death,157,Yemen,Q1,0.05139271188,0.07866098917,0.04533149688,extra_trees,0.05139271188,-0.02726827729,0.006061214994
death,165,Pakistan,Q2,0.01811324773,0.03445829053,0.0182562395,extra_trees,0.01811324773,-0.01634504281,-0.000142991771
death,168,Angola,Q1,0.05718047751,0.100810029,0.07502574852,extra_trees,0.05718047751,-0.04362955151,-0.01784527101
death,177,Djibouti,Q1,0.007835216365,0.02357062249,0.01769050718,extra_trees,0.007835216365,-0.01573540612,-0.009855290813
death,182,Malawi,Q1,0.03225342612,0.07963462006,0.0394327805,extra_trees,0.03225342612,-0.04738119394,-0.007179354383
death,187,Somalia,Q1,0.02044474863,0.01472948636,0.01865175696,extra_trees,0.02044474863,0.00571526227,0.001792991674
death,191,Zambia,Q1,0.01120126477,0.04907287349,0.01191193891,extra_trees,0.01120126477,-0.03787160872,-0.0007106741431
death,213,Niger,Q1,0.0171635556,0.01226520984,0.01806336172,extra_trees,0.0171635556,0.004898345757,-0.0008998061196
death,298,American Samoa,Q4,0.02671792399,0.0430830512,0.03450632862,extra_trees,0.02671792399,-0.01636512721,-0.007788404629
death,369,Nauru,Q2,0.07543702914,0.1060724168,0.08140377652,extra_trees,0.07543702914,-0.03063538766,-0.005966747377
death,385,Puerto Rico,Q5,0.05080978258,0.03448986548,0.03425782272,extra_trees,0.05080978258,0.0163199171,0.01655195986
