figure,panels,purpose,pdf_path,pdf_bytes,pdf_sha256,svg_path,svg_bytes,svg_sha256,font_requirement,vector_requirement,raster_requirement
Fig1,1,Overall model and validation framework,06_figures/pdf/Fig1_workflow.pdf,8403,1a19c9705eea7281d11db4f05cfef53e05f776a01591eaa96428ee47584322e4,06_figures/svg/Fig1_workflow.svg,37746,0b06c276301d6eedec3d459e6b6aa1317c2b4c05db43b0e6a5648ba19bcc9b62,Helvetica (PDF Core 14),PDF plus raster-free SVG with Helvetica text styling,TIF and PNG 600 dpi generated from this PDF
Fig2,5,Descriptive burden landscape,06_figures/pdf/Fig2_burden_landscape.pdf,20239,3429b2bb97d8791877db6093a838adcc94cfe690ba5c30a35b70ea4cbebda4d2,06_figures/svg/Fig2_burden_landscape.svg,103038,da4c0a658a2e0ea28c68ab60b9bd244c1506b8ebfc0963c562799af7ec4994d9,Helvetica (PDF Core 14),PDF plus raster-free SVG with Helvetica text styling,TIF and PNG 600 dpi generated from this PDF
Fig3,5,Validation design and distribution shift,06_figures/pdf/Fig3_validation_and_shift.pdf,14015,23cf327ab4acd31e070c293e63048edfb446b73046c10c83b6a6727305044ed5,06_figures/svg/Fig3_validation_and_shift.svg,119276,379b7d2f0164e698615dc845fdaacd03e5afa0e30e07e6c3d2b53a0734fb3e6d,Helvetica (PDF Core 14),PDF plus raster-free SVG with Helvetica text styling,TIF and PNG 600 dpi generated from this PDF
Fig4,5,Development-only model benchmark,06_figures/pdf/Fig4_cv_benchmark.pdf,29137,5fd6b44309964c7dc75fb2424d22d998688bf0fbed6072fa5346353009c39eb7,06_figures/svg/Fig4_cv_benchmark.svg,145414,c7d6905700af245452bcd2d49bef0bfbe865fb6e368481302f66d25f20b1a0d6,Helvetica (PDF Core 14),PDF plus raster-free SVG with Helvetica text styling,TIF and PNG 600 dpi generated from this PDF
Fig5,6,Sealed seen-country test,06_figures/pdf/Fig5_seen_country_test.pdf,23745,95daaece0ccc270f225fe8466cdaab181bbd64dfbc70c141788f51c16a23d8e7,06_figures/svg/Fig5_seen_country_test.svg,213321,0fbc1c6998acdd2789ad53c6bc6f368ac46bd0c33096831575f3b08319a8ddc1,Helvetica (PDF Core 14),PDF plus raster-free SVG with Helvetica text styling,TIF and PNG 600 dpi generated from this PDF
Fig6,6,Sealed unseen-country test,06_figures/pdf/Fig6_unseen_country_test.pdf,1731444,f8b4774a7de8a434bce25dd762827e10484ad20bfd7abbf0995b1b30218e1298,06_figures/svg/Fig6_unseen_country_test.svg,5283218,74e566db0847f3a84721a21b80712df3d10cc293c5031e2adab6b8d005da33ce,Helvetica (PDF Core 14),PDF plus raster-free SVG with Helvetica text styling,TIF and PNG 600 dpi generated from this PDF
Fig7,6,Explanation and ablation,06_figures/pdf/Fig7_explanation_ablation.pdf,123616,f512ed447981566977b8397c0b014b54340003194f0a37ff23023e8b490c66b9,06_figures/svg/Fig7_explanation_ablation.svg,904907,c0d0bfabc3c0f53d07163153362a22d4d339223c1d68de2425c99d4e462f1138,Helvetica (PDF Core 14),PDF plus raster-free SVG with Helvetica text styling,TIF and PNG 600 dpi generated from this PDF
Fig8,6,Robustness analyses,06_figures/pdf/Fig8_robustness.pdf,24463,36039e4162836bcd32bdc111b47de3b8cc8ad55082eedb3b526f01f022a086fd,06_figures/svg/Fig8_robustness.svg,140278,bcb53715300c54a055ae192fb8ba83364168616f38b4bf1d330fddbc73e17e6a,Helvetica (PDF Core 14),PDF plus raster-free SVG with Helvetica text styling,TIF and PNG 600 dpi generated from this PDF
Fig9,6,Transportability synthesis,06_figures/pdf/Fig9_synthesis.pdf,33035,73ce586f072a79c05d3974151dfadfcdf9e8340c031c623c5611df3326f43559,06_figures/svg/Fig9_synthesis.svg,186128,c514bcf57ca0e39aac4ec766a1e60443d596241cefba4ee80953b6f0805c2750,Helvetica (PDF Core 14),PDF plus raster-free SVG with Helvetica text styling,TIF and PNG 600 dpi generated from this PDF
