outcome,horizon,family,fold,n,rmsle,mae,rmse,wape,median_absolute_error,r2,spearman
daly,1,elastic_net,cv1,326,0.247712055978,5.15829422367,14.0034453548,0.262693137061,2.21387497012,0.594789187539,0.941294448221
daly,1,elastic_net,cv2,326,0.237658168679,4.8780353453,14.7882609312,0.242414087122,2.1744821084,0.563323783618,0.938557827606
daly,1,elastic_net,cv3,326,0.234186595328,4.45896732785,11.2056351002,0.216369176983,2.14844460509,0.746832125959,0.935914725225
daly,1,extra_trees,cv1,326,0.0395439571075,0.599635225957,1.37120983032,0.030537238042,0.23551240083,0.996114749191,0.998034731633
daly,1,extra_trees,cv2,326,0.0422972029182,0.559534776847,1.20848380076,0.0278060945731,0.309629328315,0.99708386923,0.99744833767
daly,1,extra_trees,cv3,326,0.0314674328577,0.498488896503,0.975534854789,0.0241889263458,0.234807115905,0.99808123749,0.998402916383
daly,1,gru,cv1,326,0.0361810249431,0.452089301801,1.07539308132,0.0230232615226,0.205240943635,0.997610287257,0.99813483078
daly,1,gru,cv2,326,0.0353563652976,0.412617458102,0.67343142505,0.0205050347847,0.26114684672,0.999094450728,0.998005637071
daly,1,gru,cv3,326,0.0340139773195,0.456135458014,0.906596510061,0.0221337467595,0.207720420455,0.998342842722,0.998014988895
daly,1,hist_gradient_boosting,cv1,326,0.0410073516383,0.659144996805,1.78472873741,0.0335678539223,0.22902273145,0.993418033665,0.998063133467
daly,1,hist_gradient_boosting,cv2,326,0.0431297368287,0.711739316001,1.78298401594,0.0353699029105,0.30253340611,0.993652243942,0.997412662196
daly,1,hist_gradient_boosting,cv3,326,0.0373022060793,0.6986230556,2.04163423254,0.0339003371067,0.237499466935,0.991595894016,0.997948487039
daly,1,logtrend10,cv1,326,0.039513832982,0.483944078649,1.03093492934,0.0246455092846,0.26429988985,0.997803790671,0.997685250529
daly,1,logtrend10,cv2,326,0.0394156259858,0.45076904424,0.771776300756,0.0224009788014,0.251724857705,0.998810654029,0.997453533128
daly,1,logtrend10,cv3,326,0.0327976193573,0.470040920086,0.866052101909,0.0228085024064,0.25562089575,0.998487749688,0.998314593607
daly,1,logtrend5,cv1,326,0.0382972673943,0.464489376473,1.04141413328,0.0236547521615,0.22199687106,0.997758915882,0.997833147884
daly,1,logtrend5,cv2,326,0.0387080880005,0.457669491771,0.82164971394,0.0227438967121,0.258168756985,0.998651972519,0.997668625065
daly,1,logtrend5,cv3,326,0.0363965086159,0.46101818707,0.876219458892,0.0223706787641,0.21976158135,0.998452033955,0.997835918795
daly,1,persistence,cv1,326,0.0411624110899,0.568290578727,1.09073526668,0.0289409693233,0.28375179481,0.997541614792,0.997911772474
daly,1,persistence,cv2,326,0.0447729807589,0.534329378864,0.821536523737,0.026553511697,0.344514509855,0.998652343902,0.997377679449
daly,1,persistence,cv3,326,0.034950889819,0.468952466309,0.800244779273,0.0227556857271,0.27443164195,0.998708836199,0.998520680085
daly,1,pooled_ridge,cv1,326,0.0382342241371,0.508469078623,1.03038894153,0.0258944782073,0.23578249965,0.9978061163,0.998121668954
daly,1,pooled_ridge,cv2,326,0.0381022209203,0.441192257696,0.795993919996,0.0219250601572,0.22913968181,0.998734841814,0.997696334172
daly,1,pooled_ridge,cv3,326,0.030283757919,0.40416766099,0.72349463612,0.019612035196,0.227208020665,0.998944626284,0.998498166436
daly,1,random_forest,cv1,326,0.0398956620512,0.644819793771,1.67988210945,0.0328383235077,0.2434949959,0.994168653699,0.998066250741
daly,1,random_forest,cv2,326,0.0395079920063,0.561992061194,1.13839323947,0.0279282093796,0.300613918435,0.99741232372,0.997729931463
daly,1,random_forest,cv3,326,0.0338097012855,0.576984457056,1.23171255598,0.0279978844711,0.2413885672,0.996941176769,0.998070753471
daly,1,ridge,cv1,326,0.247066784854,4.94878832758,13.8980749378,0.252023764844,2.06579052802,0.600864348507,0.940690043339
daly,1,ridge,cv2,326,0.235497246211,4.7406385236,13.6047632262,0.23558614867,2.17131003635,0.630420984197,0.940567430543
daly,1,ridge,cv3,326,0.233104175273,4.51911301125,11.5055504159,0.219287716426,1.95491077661,0.733098851746,0.936564157405
daly,1,xgboost,cv1,326,0.0386573602352,0.579718563059,1.46998935648,0.0295229549419,0.216749719705,0.995534813492,0.998068242166
daly,1,xgboost,cv2,326,0.043372088776,0.703315751711,1.98819780349,0.0349512936748,0.2840187343,0.992106956282,0.997516051369
daly,1,xgboost,cv3,326,0.0350538391054,0.648943281012,1.89148163132,0.0314896506966,0.2199843707,0.992786601938,0.998174921287
daly,3,elastic_net,cv1,326,0.263078596586,6.36248819013,23.1134325818,0.324018349808,2.32978591264,-0.103926396968,0.934329071615
daly,3,elastic_net,cv2,326,0.255401326467,5.25602689262,12.665457048,0.261198386414,2.52069807836,0.679692533911,0.929080620511
daly,3,elastic_net,cv3,326,0.246306685428,4.87382216081,13.6837938299,0.236499801896,2.22768817655,0.622472417595,0.926685514632
daly,3,extra_trees,cv1,326,0.0691549731526,1.03564423945,2.10931504558,0.0527415890493,0.4967292241,0.990806219639,0.994394447788
daly,3,extra_trees,cv2,326,0.0734632006775,0.898000269074,1.57897601167,0.0446261455799,0.43755743235,0.995021753545,0.992660896823
daly,3,extra_trees,cv3,326,0.0620088022766,0.915803973687,1.54197368748,0.0444389333887,0.54855280645,0.9952060934,0.995023444502
daly,3,gru,cv1,326,0.0811945448879,1.13400758248,2.07153374569,0.0577508758468,0.59022015248,0.991132621465,0.991312502435
daly,3,gru,cv2,326,0.0755689528118,1.05977245714,1.82193888355,0.0526654184668,0.5502673547,0.993371840693,0.992478363085
daly,3,gru,cv3,326,0.0643405455903,1.0295595461,1.73960272785,0.0499588660931,0.58331036382,0.993898511422,0.994725225245
daly,3,hist_gradient_boosting,cv1,326,0.076668920205,1.36980543351,3.52117113999,0.0697592015669,0.56264417426,0.974379624495,0.993584649155
daly,3,hist_gradient_boosting,cv2,326,0.0743596563475,1.1368680802,2.24207728722,0.0564966873613,0.52735666271,0.989962478528,0.992846894199
daly,3,hist_gradient_boosting,cv3,326,0.0674801390311,1.15914861105,2.48493299214,0.0562471111661,0.611828561285,0.987550124542,0.993861047491
daly,3,logtrend10,cv1,326,0.0937091550901,1.15999537664,1.99213343636,0.0590743395494,0.558490117355,0.991799353848,0.987094483723
daly,3,logtrend10,cv2,326,0.0881533015495,1.13475107559,1.86687144949,0.0563914827647,0.63015129225,0.993040882699,0.989056288452
daly,3,logtrend10,cv3,326,0.0742592071507,1.10780993645,1.78768963693,0.0537559274561,0.6955978535,0.993556528858,0.992803945084
daly,3,logtrend5,cv1,326,0.0951829827281,1.27189919224,2.20574814719,0.0647731932972,0.67654858378,0.989946366029,0.988060838807
daly,3,logtrend5,cv2,326,0.0894958147019,1.1877953746,1.99709144491,0.0590275205159,0.641712577065,0.992036183741,0.989477120504
daly,3,logtrend5,cv3,326,0.0837321694707,1.19880205884,2.12986547733,0.0581712750434,0.61196408095,0.990853814802,0.99192348823
daly,3,persistence,cv1,326,0.0991965580363,1.42367644298,2.25494588408,0.0725026558682,0.789030803765,0.989492885354,0.990869156734
daly,3,persistence,cv2,326,0.0967665600162,1.33704753604,2.04900954199,0.0664446103695,0.7796531432,0.991616733147,0.990758666672
daly,3,persistence,cv3,326,0.0900806848736,1.20389850007,1.75025662458,0.0584185773252,0.816791531165,0.993823547543,0.992853475112
daly,3,pooled_ridge,cv1,326,0.0829366648414,1.17251598348,2.03666657207,0.059711968453,0.5728231948,0.991428613197,0.991526901646
daly,3,pooled_ridge,cv2,326,0.081988734331,1.07223724198,1.87683162331,0.0532848562577,0.5088274218,0.992966427738,0.991636352616
daly,3,pooled_ridge,cv3,326,0.0660005041587,0.939847517863,1.47910383868,0.0456056344391,0.52479899026,0.995589041508,0.994113200358
daly,3,random_forest,cv1,326,0.0752555398123,1.25794878375,2.61303548288,0.0640627498036,0.5474268759,0.985890817936,0.994008252118
daly,3,random_forest,cv2,326,0.077805528073,1.11822364461,2.02947466444,0.0555701516733,0.525589516715,0.99177582019,0.992089396504
daly,3,random_forest,cv3,326,0.0670852980762,1.07785708606,1.9380642337,0.0523024802537,0.606529655925,0.992426929909,0.99412324491
daly,3,ridge,cv1,326,0.263837939216,6.48101198287,26.1630509494,0.33005433488,2.2940340983,-0.414451293819,0.935730113304
daly,3,ridge,cv2,326,0.255841583753,5.29871521681,13.9965507231,0.263319783741,2.48025487594,0.60882834847,0.929918820978
daly,3,ridge,cv3,326,0.246731436501,5.04384072618,15.1581889921,0.244749868415,2.1851450677,0.536734159939,0.928089327232
daly,3,xgboost,cv1,326,0.0756363189825,1.24164047817,2.7601375431,0.0632322271991,0.501429708125,0.984257537332,0.993793852908
daly,3,xgboost,cv2,326,0.0742453629546,1.07043895275,1.97507350797,0.0531954902299,0.522389492135,0.992210817912,0.992680293197
daly,3,xgboost,cv3,326,0.0668408406854,1.11463662806,2.2609660263,0.0540871892787,0.601819645055,0.989693203155,0.994165501297
daly,5,elastic_net,cv1,326,0.280727872009,7.2456574908,29.609942151,0.368994945575,2.48668062944,-0.811700237166,0.932566333658
daly,5,elastic_net,cv2,326,0.274475909204,6.06706502338,17.1667937442,0.30150294638,2.64448618384,0.411557939775,0.91939490239
daly,5,elastic_net,cv3,326,0.267118569775,5.56057342436,14.0766577002,0.269824066185,2.5050381851,0.600483479373,0.916440418927
daly,5,extra_trees,cv1,326,0.0819695005798,1.28051082753,2.40107003931,0.0652117525169,0.488275829105,0.988087007164,0.992756839603
daly,5,extra_trees,cv2,326,0.0864052891734,1.22086476263,2.07789357509,0.060670904572,0.5977607801,0.991378716444,0.989844266163
daly,5,extra_trees,cv3,326,0.0772972368187,1.14477830528,2.03673029936,0.0555497992093,0.659590858195,0.991636218259,0.991767278143
daly,5,gru,cv1,326,0.103476133784,1.43274672706,2.42748097015,0.0729645724,0.71836219715,0.987823488272,0.985051976222
daly,5,gru,cv2,326,0.0906322878169,1.27421040612,2.06405759552,0.0633219176442,0.71111225121,0.991493146527,0.989471925047
daly,5,gru,cv3,326,0.0951869458573,1.32349879302,2.08493510808,0.0642221221931,0.7886329192,0.991235629517,0.98714124284
daly,5,hist_gradient_boosting,cv1,326,0.0896590568729,1.40867722762,2.51497006238,0.0717388004609,0.62075627383,0.986929961625,0.990665148439
daly,5,hist_gradient_boosting,cv2,326,0.0957122883875,1.43817183385,2.80952923438,0.0714699848501,0.69859972118,0.984238685323,0.988128726117
daly,5,hist_gradient_boosting,cv3,326,0.086531052811,1.46529947232,3.05289159918,0.0711029297927,0.73586424522,0.981208631453,0.989750055202
daly,5,logtrend10,cv1,326,0.137895033464,1.76537613127,3.00918310003,0.0899041764403,0.93366748025,0.981288506565,0.974202129272
daly,5,logtrend10,cv2,326,0.143301861905,1.77625890163,2.81586995808,0.0882712300449,0.97300268065,0.984167462775,0.969872581406
daly,5,logtrend10,cv3,326,0.122219136589,1.7554736934,2.75086279253,0.0851834898823,1.02272876324,0.984742847013,0.978439197995
daly,5,logtrend5,cv1,326,0.178069710768,1.78619721874,2.89084237919,0.0909645185896,0.982033173725,0.982731283932,0.960279342428
daly,5,logtrend5,cv2,326,0.146542321246,2.04530107771,3.21961388358,0.101641287639,1.1345493606,0.979301784138,0.970555264514
daly,5,logtrend5,cv3,326,0.133843607473,1.95529194907,3.31265960924,0.0948795715861,1.08896228314,0.977874694933,0.977632170272
daly,5,persistence,cv1,326,0.151138782594,2.1147213962,3.05904795739,0.107695058383,1.33639638786,0.980663236103,0.982416493846
daly,5,persistence,cv2,326,0.151165663768,2.14324756884,3.19414365663,0.106508740937,1.27399888085,0.979627974167,0.980299518121
daly,5,persistence,cv3,326,0.139076563146,1.95815216661,2.84517191786,0.095018362223,1.29775135338,0.98367877809,0.984232825766
daly,5,pooled_ridge,cv1,326,0.113943473629,1.61918022924,2.69179082654,0.0824589516304,0.82128387,0.985027516579,0.982502738439
daly,5,pooled_ridge,cv2,326,0.1214318583,1.68015957267,2.92991527143,0.0834955715154,0.8203385799,0.982859027752,0.98223777011
daly,5,pooled_ridge,cv3,326,0.105546944217,1.53088380219,2.49378718454,0.0742853768556,0.7845721477,0.987461244896,0.98626113235
daly,5,random_forest,cv1,326,0.0932164151601,1.58550269856,3.1307000597,0.0807438776546,0.57527470875,0.979746776914,0.991309731525
daly,5,random_forest,cv2,326,0.100598435944,1.56335420736,2.86192906013,0.0776909259977,0.736601688445,0.983645282081,0.987655246763
daly,5,random_forest,cv3,326,0.0920619398179,1.40441849628,2.46716428248,0.0681487106405,0.73903438115,0.987727535606,0.988314723493
daly,5,ridge,cv1,326,0.284006843545,7.90165943408,36.6766527387,0.40240273523,2.39220893128,-1.77965316744,0.935217494837
daly,5,ridge,cv2,326,0.273544828723,6.47903258921,23.287039767,0.321975684753,2.74302543448,-0.0828140905521,0.921085850605
daly,5,ridge,cv3,326,0.262382483533,5.41047691731,14.1734738843,0.26254070766,2.5621255272,0.594969005554,0.919321126895
daly,5,xgboost,cv1,326,0.0884297716478,1.39898081779,2.62922634302,0.071244997625,0.65099267925,0.985715429945,0.990438626494
daly,5,xgboost,cv2,326,0.101076852511,1.52152706123,2.89937476437,0.0756123249363,0.7392987019,0.983214509442,0.98716479558
daly,5,xgboost,cv3,326,0.0875939137792,1.43381833278,3.03175557331,0.0695753231178,0.73511053927,0.981467926591,0.989920466206
death,1,elastic_net,cv1,326,0.0640775968243,0.0993525010856,0.203543102934,0.141707542217,0.054914466053,0.925709583214,0.978820890934
death,1,elastic_net,cv2,326,0.0627003006356,0.0967437112509,0.201930947218,0.134520370073,0.056681229449,0.929535973519,0.975703270108
death,1,elastic_net,cv3,326,0.0613527382848,0.0933584009661,0.186298834824,0.126711332713,0.0593627526485,0.939179736514,0.977792536725
death,1,extra_trees,cv1,326,0.0164878263139,0.0191437778965,0.03842428933,0.0273049765716,0.007849216407,0.997352526018,0.997860856991
death,1,extra_trees,cv2,326,0.016291047882,0.020214161659,0.0459918755915,0.0281074239548,0.0093995458955,0.99634469237,0.997274116664
death,1,extra_trees,cv3,326,0.0132363221975,0.0162136092323,0.0300562297214,0.0220060328011,0.008337844712,0.998416941286,0.998278225405
death,1,gru,cv1,326,0.0143631872284,0.0159585448378,0.0392586030741,0.0227618443583,0.0069742789325,0.997236307643,0.998027111629
death,1,gru,cv2,326,0.0126758527145,0.0145463632216,0.0248048014144,0.020226453363,0.009164742297,0.998936755365,0.997983469786
death,1,gru,cv3,326,0.0147805924966,0.0161664247121,0.0306663349577,0.0219419912861,0.008428912575,0.998352020633,0.997595888661
death,1,hist_gradient_boosting,cv1,326,0.0173092981303,0.0211388375359,0.0501189772127,0.0301505516199,0.0082354754255,0.995495730032,0.998008061618
death,1,hist_gradient_boosting,cv2,326,0.0162945344949,0.0200301143898,0.038839483341,0.027851509576,0.0095760141055,0.997393194795,0.997468080408
death,1,hist_gradient_boosting,cv3,326,0.0157225850285,0.0196631103643,0.0400520765383,0.0266878919708,0.007966394268,0.997188888352,0.997838689706
death,1,logtrend10,cv1,326,0.0154859546811,0.0178162939546,0.0387788355842,0.0254115719296,0.010044770569,0.997303443392,0.997694255989
death,1,logtrend10,cv2,326,0.0150194224369,0.0166083738499,0.0293503349675,0.0230936416198,0.0086434032305,0.998511366406,0.997131068403
death,1,logtrend10,cv3,326,0.013675015522,0.0163758469532,0.028439886171,0.0222262310652,0.0096092286065,0.998582628397,0.998127557139
death,1,logtrend5,cv1,326,0.0150557050383,0.0171101799054,0.0397505706302,0.0244044338571,0.0079675433355,0.997166607448,0.997859817899
death,1,logtrend5,cv2,326,0.0143667956109,0.0164480948288,0.0305029551914,0.0228707765575,0.0090201312775,0.998392150019,0.997600391391
death,1,logtrend5,cv3,326,0.0147536602311,0.016037335596,0.0296169968895,0.0217667841942,0.00789688309,0.998462871909,0.997632256863
death,1,persistence,cv1,326,0.0164806409717,0.0203378288003,0.0396932313218,0.0290080642342,0.010763338895,0.997174775763,0.997780500582
death,1,persistence,cv2,326,0.0160607416417,0.0192379780299,0.0304958425116,0.0267500583819,0.012909525185,0.998392899769,0.997116867486
death,1,persistence,cv3,326,0.0137162948773,0.0165095804293,0.0267573710364,0.0224077417468,0.00954402159,0.998745372213,0.998241164475
death,1,pooled_ridge,cv1,326,0.0153692537251,0.0177771493605,0.0381015572951,0.0253557395735,0.0087875552325,0.997396812403,0.997945023401
death,1,pooled_ridge,cv2,326,0.0143327273868,0.0157509887174,0.0276941283317,0.0219014631947,0.008480841044,0.998674630135,0.997370059445
death,1,pooled_ridge,cv3,326,0.0126521973434,0.015109129645,0.0257115511263,0.0205069702741,0.008960469642,0.998841530578,0.998278918133
death,1,random_forest,cv1,326,0.0164829021427,0.0195230073093,0.040062185823,0.0278458755669,0.008624138198,0.997122009903,0.997877828818
death,1,random_forest,cv2,326,0.0164292886103,0.0208122385114,0.0465672118214,0.0289390389349,0.010276079699,0.996252668079,0.997203458443
death,1,random_forest,cv3,326,0.0153635006448,0.017989892761,0.0376417449787,0.0244169058546,0.00798236685,0.997517052619,0.997879907001
death,1,ridge,cv1,326,0.0646350005553,0.10064544907,0.208837876938,0.143551687851,0.0548593075815,0.921794273992,0.978150676925
death,1,ridge,cv2,326,0.0629465931574,0.0973359441244,0.208472188524,0.135343859107,0.0574357327035,0.924896886359,0.975745180131
death,1,ridge,cv3,326,0.0617182817685,0.0940784794743,0.193296076345,0.127688664228,0.05739411859,0.934525212598,0.97713894818
death,1,xgboost,cv1,326,0.01536979869,0.0190108999624,0.0436700223332,0.0271154513432,0.007881657666,0.996580309191,0.998093613484
death,1,xgboost,cv2,326,0.0212827401068,0.0260517702742,0.0873634806509,0.0362245125087,0.009936902114,0.986810706031,0.997818860188
death,1,xgboost,cv3,326,0.0193955042309,0.0236982164012,0.0766796133845,0.032164567431,0.0089913643165,0.989696427082,0.997514146367
death,3,elastic_net,cv1,326,0.0718175426848,0.11206567861,0.234774241448,0.159840484227,0.0717366328375,0.901162692687,0.973524641622
death,3,elastic_net,cv2,326,0.0691510058612,0.105375677864,0.194633955572,0.146522962576,0.0720750212495,0.934536547024,0.970280597997
death,3,elastic_net,cv3,326,0.0676941196454,0.103987050904,0.207399173712,0.141137141046,0.06136352213,0.924622442003,0.969932848713
death,3,extra_trees,cv1,326,0.0288445871034,0.0349893095605,0.0616417996722,0.0499056290231,0.018015809397,0.993186494159,0.993190833481
death,3,extra_trees,cv2,326,0.0272520382825,0.0296481830731,0.0506594940295,0.0412252590625,0.015031673555,0.99556510454,0.99254936767
death,3,extra_trees,cv3,326,0.0232166506492,0.029923006446,0.0466966746258,0.0406132065923,0.020889852175,0.996178798592,0.995501426586
death,3,gru,cv1,326,0.0316568942293,0.0393553281448,0.0695602852299,0.0561329283472,0.021158159875,0.991323536955,0.992008693732
death,3,gru,cv2,326,0.0294169868037,0.0354066683029,0.0583257340249,0.0492323279888,0.021951431584,0.994121288909,0.991678609003
death,3,gru,cv3,326,0.0255865151899,0.0337385408453,0.0532152912722,0.0457918669351,0.022277323818,0.995037495574,0.994383364145
death,3,hist_gradient_boosting,cv1,326,0.0313138373828,0.0398349521179,0.0688704434703,0.0568170211851,0.0199370434715,0.991494775685,0.993041897035
death,3,hist_gradient_boosting,cv2,326,0.0284884195887,0.0329594644823,0.0625717414595,0.0458295356074,0.018645923794,0.993234215269,0.992848972382
death,3,hist_gradient_boosting,cv3,326,0.0253413477319,0.0363079479862,0.0659887874223,0.0492792124739,0.02105491099,0.992369230837,0.994490390569
death,3,logtrend10,cv1,326,0.0344463831019,0.0411150823725,0.0693821739337,0.0586428847528,0.020994952369,0.991367912782,0.987971130575
death,3,logtrend10,cv2,326,0.0349088042575,0.0412473070397,0.0684351264732,0.0573536298718,0.022169695596,0.991906808073,0.988573803638
death,3,logtrend10,cv3,326,0.0302106512883,0.0392242875666,0.0619183963333,0.0532374344555,0.0226147645835,0.993281575835,0.991835511818
death,3,logtrend5,cv1,326,0.0358188397421,0.0449364668835,0.076277433576,0.064093366633,0.025838567398,0.989566929121,0.988788202848
death,3,logtrend5,cv2,326,0.035956990601,0.0437622807165,0.0743560423511,0.060850655005,0.023344667132,0.990445802305,0.989257525837
death,3,logtrend5,cv3,326,0.0330937639017,0.0416025933043,0.0698252749853,0.0564654062984,0.0220368155365,0.991456155621,0.991280983327
death,3,persistence,cv1,326,0.0383574301807,0.0504990518363,0.078230504689,0.0720273414542,0.029824196255,0.989025815,0.990632590239
death,3,persistence,cv2,326,0.0366760872147,0.0475934661283,0.0714550789735,0.0661778486049,0.030713648735,0.991176763947,0.990089145391
death,3,persistence,cv3,326,0.0323468924841,0.0427987665261,0.0594246190162,0.0580889206423,0.02947014642,0.993811850005,0.992057877396
death,3,pooled_ridge,cv1,326,0.0331775829259,0.0411893655499,0.0696426700009,0.0587488356486,0.023034839612,0.991302972585,0.991369998831
death,3,pooled_ridge,cv2,326,0.0327689206098,0.0374915330856,0.0639958768899,0.0521312945315,0.0202320471555,0.992922731379,0.990886128562
death,3,pooled_ridge,cv3,326,0.0264222464804,0.034391857244,0.0522534462771,0.0466785851169,0.021248724516,0.995215264913,0.993007260652
death,3,random_forest,cv1,326,0.0311301279657,0.0400566903925,0.0678115657901,0.057133288874,0.0211926253785,0.991754299467,0.992644964086
death,3,random_forest,cv2,326,0.0283058630383,0.0329551032938,0.0555379228451,0.0458234714542,0.016407326093,0.994669831273,0.992702114118
death,3,random_forest,cv3,326,0.0247423144448,0.0331595473267,0.0531633319926,0.0450060239942,0.021123286059,0.995047181598,0.994627204281
death,3,ridge,cv1,326,0.0720239117944,0.114274316902,0.26847890984,0.162990688808,0.066839390924,0.870747079613,0.973938546398
death,3,ridge,cv2,326,0.0689303957206,0.105978684171,0.196219082342,0.147361431872,0.0674005634175,0.933465917578,0.968996627282
death,3,ridge,cv3,326,0.067138812517,0.103326506119,0.215607104181,0.140240612087,0.0627055838635,0.918538171679,0.969790493179
death,3,xgboost,cv1,326,0.0312998662817,0.0386587997913,0.067686095661,0.0551394624558,0.0215787670605,0.991784784885,0.993045360673
death,3,xgboost,cv2,326,0.0269635848285,0.0323759624085,0.0578690681765,0.0450181865917,0.017502960814,0.994212984177,0.993231704413
death,3,xgboost,cv3,326,0.031533583798,0.0406396491345,0.117032375362,0.0551584436917,0.020137677533,0.975998407413,0.993784501085
death,5,elastic_net,cv1,326,0.0803999077655,0.131669903387,0.347088078812,0.187802201143,0.072502723754,0.783977290922,0.968398110585
death,5,elastic_net,cv2,326,0.0771641742041,0.119505072406,0.221946550423,0.166169628577,0.083084142361,0.914874732411,0.961302154816
death,5,elastic_net,cv3,326,0.0738583133945,0.111683145392,0.203083218311,0.151582718296,0.074843482775,0.927726998022,0.962305570829
death,5,extra_trees,cv1,326,0.03301381989,0.040136228566,0.0675590901324,0.0572467350273,0.020070799078,0.99181558586,0.991037143191
death,5,extra_trees,cv2,326,0.0340354256873,0.0404187373906,0.0640288426349,0.0562015188519,0.025086196028,0.992915438174,0.989004333877
death,5,extra_trees,cv3,326,0.0291928390116,0.0364442395208,0.0558204843267,0.0494641950978,0.022579379305,0.994539716141,0.99184209273
death,5,gru,cv1,326,0.0328145110751,0.040923394449,0.0690014766844,0.0583694782032,0.022982345278,0.991462380741,0.991187465093
death,5,gru,cv2,326,0.0372474016446,0.0453805493098,0.075315981269,0.0631008280368,0.0271647439235,0.990197519913,0.98928765949
death,5,gru,cv3,326,0.0312249635244,0.0404263462786,0.0656537403564,0.0548689369215,0.0245922616905,0.992446522037,0.991203744193
death,5,hist_gradient_boosting,cv1,326,0.0361065551867,0.0471222880328,0.0774696214054,0.0672110268772,0.021783002467,0.989238250465,0.989332686788
death,5,hist_gradient_boosting,cv2,326,0.0367779032351,0.0457752510268,0.0725761415355,0.0636496535919,0.02599682226,0.990897735693,0.986530949773
death,5,hist_gradient_boosting,cv3,326,0.0354250310563,0.0484644282108,0.098243323391,0.0657786789859,0.027152781208,0.983086475737,0.990236003654
death,5,logtrend10,cv1,326,0.0494682799703,0.0623413133556,0.102854306275,0.0889180865875,0.0350594924915,0.981030103047,0.977349191024
death,5,logtrend10,cv2,326,0.0525070690584,0.0627827063476,0.0970442483422,0.0872982107351,0.033709851052,0.983725738417,0.972666698417
death,5,logtrend10,cv3,326,0.0491432200219,0.0634908361621,0.100032645239,0.0861733746715,0.0370663446415,0.982464767581,0.979378883063
death,5,logtrend5,cv1,326,0.0575035149586,0.0633398694457,0.100326131518,0.0903423378922,0.035315381306,0.981951207741,0.9645226457
death,5,logtrend5,cv2,326,0.0570622612651,0.0718254328686,0.112432823897,0.0998719574143,0.0409945014325,0.978155207259,0.971579115993
death,5,logtrend5,cv3,326,0.0562102943437,0.072296815001,0.120148381432,0.0981253501015,0.042043060301,0.974703300071,0.978467946192
death,5,persistence,cv1,326,0.055491982499,0.0749628140789,0.10603362344,0.106920268989,0.050231902845,0.979839225208,0.982714020375
death,5,persistence,cv2,326,0.0569442488551,0.0756980087399,0.110125133505,0.105256703695,0.048199359615,0.979042735865,0.980134995302
death,5,persistence,cv3,326,0.0516140426883,0.0694615018546,0.097914673565,0.0942771018055,0.049431000845,0.983199446859,0.983577159037
death,5,pooled_ridge,cv1,326,0.044699318992,0.0560347542474,0.0875547032326,0.0799229734167,0.0301755087105,0.986253916625,0.982842174992
death,5,pooled_ridge,cv2,326,0.0488164849125,0.0581713534649,0.094702529891,0.0808862084633,0.0329677700408,0.984501671814,0.981388139637
death,5,pooled_ridge,cv3,326,0.0434011879912,0.0556203270576,0.0865545301024,0.0754910719818,0.0333007788685,0.986871726195,0.985252867243
death,5,random_forest,cv1,326,0.0359309079463,0.0461716840189,0.0816643433662,0.0658551701353,0.0231200326165,0.988041272719,0.98912937122
death,5,random_forest,cv2,326,0.0389153230623,0.0481296433203,0.0758771678825,0.0669233932337,0.030488663161,0.990050897249,0.985964298548
death,5,random_forest,cv3,326,0.0327975935791,0.0419360558295,0.0621387986182,0.0569180006075,0.0259772031325,0.993233661433,0.989778457036
death,5,ridge,cv1,326,0.0786230668147,0.123134797453,0.272734156302,0.175628487636,0.0752457424695,0.866617431897,0.964988158687
death,5,ridge,cv2,326,0.0788816394308,0.120577692333,0.220435069184,0.167661087067,0.080010300773,0.91603021,0.958743911573
death,5,ridge,cv3,326,0.0754628384347,0.115868281474,0.209466682517,0.157263023069,0.078440332426,0.923112112476,0.960744509051
death,5,xgboost,cv1,326,0.0362439783152,0.0468476735442,0.0738294106016,0.0668193412748,0.0275317751125,0.990225854139,0.989324374056
death,5,xgboost,cv2,326,0.0377057729576,0.045273798723,0.0717660257852,0.0629523932883,0.0277001468945,0.991099805761,0.986971524564
death,5,xgboost,cv3,326,0.0333909236335,0.0434875562488,0.0696221442739,0.0590237852375,0.026284437517,0.9915057936,0.990002900797
