outcome,horizon,family,mean_fold_rmsle,mean_fold_mae,mean_fold_rmse,mean_fold_wape,mean_fold_median_absolute_error,mean_fold_r2,mean_fold_spearman,country_macro_rmsle,country_macro_mae,country_macro_rmse,country_macro_wape,country_macro_median_absolute_error,country_macro_r2,country_macro_spearman,complexity_rank,rank_rmsle,best_transparent_rmsle,skill_vs_persistence,skill_vs_best_transparent
daly,1,gru,0.0351837891867,0.440280739306,0.88514033881,0.0218873476889,0.224702736937,0.998349193569,0.998051818915,0.0257809796208,0.440280739306,0.523682486877,0.0235538055205,0.380307557751,-0.251953527343,0.739526730938,10,1,0.0355400676588,0.126854047424,0.0100246987567
daly,1,pooled_ridge,0.0355400676588,0.451276332436,0.849959165884,0.0224771911869,0.230710067375,0.998495194799,0.998105389854,0.026615830717,0.451276332436,0.531681584907,0.0247785440454,0.406616644902,-0.51952547872,0.735670464505,3,2,0.0355400676588,0.118012387299,0
daly,1,logtrend10,0.0372423594417,0.468251347658,0.889587777333,0.0232849968308,0.257215214435,0.998367398129,0.997817792421,0.0282388993711,0.468251347658,0.556060848703,0.0260628603444,0.426150176933,-1.11356373081,0.726906222612,2,3,0.0355400676588,0.0757671029027,-0.0478978205454
daly,1,random_forest,0.0377377851143,0.594598770674,1.3499959683,0.0295881391194,0.261832493845,0.996174051396,0.997955645225,0.0300688948447,0.594598770674,0.693715628012,0.0273817952848,0.530937993624,-0.927645206588,0.676073619632,6,4,0.0355400676588,0.0634722668198,-0.0618377397754
daly,1,extra_trees,0.0377695309611,0.552552966436,1.18507616196,0.027510752987,0.25998294835,0.997093285304,0.997961995229,0.0289133317128,0.552552966436,0.643981216944,0.0265511374003,0.495161035757,-0.699745085456,0.690797546012,7,5,0.0355400676588,0.0626844392913,-0.062730980811
daly,1,logtrend5,0.0378006213369,0.461059018438,0.913094435369,0.0229231092125,0.233309069798,0.998287640786,0.997779230582,0.027785666246,0.461059018438,0.547528854433,0.0255905259094,0.414364101772,-0.590046197592,0.719193689746,1,6,0.0355400676588,0.0619128783997,-0.0636057786885
daly,1,xgboost,0.0390277627055,0.643992531927,1.78322293043,0.0319879664378,0.240250941568,0.993476123904,0.997919738274,0.0299115851585,0.643992531927,0.746174464738,0.0273874953078,0.599644395866,-1.44131589205,0.714205132402,9,7,0.0355400676588,0.0314592648452,-0.0981341701488
daly,1,persistence,0.0402954272226,0.523857474633,0.904172189898,0.0260833889158,0.300899315538,0.998300931631,0.997936710669,0.0328428959441,0.523857474633,0.612151373484,0.0308212920505,0.481632304176,-0.0845605387428,0.742331288344,0,8,0.0355400676588,0,-0.13380277183
daly,1,hist_gradient_boosting,0.0404797648488,0.689835789469,1.86978232863,0.0342793646465,0.256351868165,0.992888723874,0.997808094234,0.0314203650845,0.689835789469,0.792440939974,0.0287357124954,0.629536445745,-2.3297762731,0.690096406661,8,9,0.0355400676588,-0.00457465372312,-0.138989526902
daly,1,ridge,0.23855606878,4.73617995414,13.0027961933,0.235632543313,2.06400378033,0.65479472815,0.939273877096,0.199384396533,4.73617995414,5.08283538101,0.213461590578,4.61490674286,-241.778669787,0.388957055215,4,10,0.0355400676588,-4.92017718194,-5.7123132986
daly,1,elastic_net,0.239852273328,4.83176563227,13.3324471287,0.240492133722,2.17893389454,0.634981699039,0.938589000351,0.200214168303,4.83176563227,5.11258209862,0.214970070762,4.6465144854,-231.891080242,0.414548641543,5,11,0.0355400676588,-4.95234471652,-5.74878493848
daly,3,extra_trees,0.0682089920355,0.949816160737,1.74342158157,0.0472688893393,0.494279820967,0.993678022194,0.994026263037,0.053815604619,0.949816160737,1.09568839543,0.0507613214015,0.916395992552,-7.81954856292,0.558632778265,7,1,0.0769753011104,0.284630626452,0.113884700006
daly,3,xgboost,0.0722408408742,1.14223868633,2.33205902579,0.0568383022359,0.541879615105,0.988720519467,0.993546549134,0.0592921901869,1.14223868633,1.31892934359,0.0555616283119,1.04680944714,-10.0548778965,0.526029798422,9,2,0.0769753011104,0.242344982113,0.061506225606
daly,3,hist_gradient_boosting,0.0728362385279,1.22194070825,2.74939380645,0.0608343333648,0.567276466085,0.983964075855,0.993430863615,0.0595843512021,1.22194070825,1.39885637444,0.0563150515101,1.15847635979,-10.9495678464,0.512357581069,8,3,0.0769753011104,0.236100508564,0.0537713074556
daly,3,random_forest,0.0733821219872,1.15134317147,2.19352479367,0.0573117939102,0.559848682847,0.990031189345,0.993406964511,0.0586960057198,1.15134317147,1.28362581925,0.0565523827972,1.13064182821,-8.88083869738,0.577563540754,6,4,0.0769753011104,0.230375335143,0.046679637122
daly,3,gru,0.0737013477633,1.07444652857,1.87769178569,0.0534583868022,0.574599290333,0.992800991193,0.992838696922,0.0596367782167,1.07444652857,1.23925180942,0.0565298146015,1.0471499453,-9.19113821357,0.591586327783,10,5,0.0769753011104,0.227027325787,0.0425325175716
daly,3,pooled_ridge,0.0769753011104,1.06153358111,1.79753401135,0.0528674863833,0.535483202287,0.993328027481,0.992425484873,0.059916702852,1.06153358111,1.20319167521,0.0585138413019,1.03275637022,-11.1276301644,0.547063978966,3,6,0.0769753011104,0.192690416751,0
daly,3,logtrend10,0.0853738879301,1.13418546289,1.8822315076,0.0564072499234,0.628079754368,0.992798921802,0.98965157242,0.066714384157,1.13418546289,1.28088276702,0.0644149282668,1.14207021609,-15.5539964593,0.560035056968,2,7,0.0769753011104,0.104606842832,-0.109107553963
daly,3,logtrend5,0.0894703223002,1.21949887523,2.11090168981,0.0606573296188,0.643408413932,0.990945454857,0.989820482514,0.0703752801497,1.21949887523,1.39016770693,0.0665324709565,1.21288078073,-13.6513589508,0.407186678352,1,8,0.0769753011104,0.0616438316265,-0.162325070635
daly,3,persistence,0.0953479343087,1.32154082636,2.01807068355,0.065788614521,0.79515849271,0.991644388681,0.991493766173,0.0807940249493,1.32154082636,1.46643561864,0.0786567003722,1.30576807241,-7.25979429483,0.581770376862,0,9,0.0769753011104,0,-0.238682186796
daly,3,elastic_net,0.254928869494,5.49744574785,16.4875611532,0.273905512706,2.35939072252,0.399412851513,0.930031735586,0.214633662285,5.49744574785,5.84038881987,0.229801197895,5.32882200952,-298.865960036,0.43523225241,5,10,0.0769753011104,-1.6736695592,-2.31182685636
daly,3,ridge,0.255470319823,5.60785597528,18.4392635549,0.279374662345,2.31981134731,0.243703738196,0.931246087171,0.213301696137,5.60785597528,5.99851325385,0.229829417281,5.37805527721,-359.625243449,0.440841367222,4,11,0.0769753011104,-1.67934823838,-2.31886093511
daly,5,extra_trees,0.081890675524,1.21538463181,2.17189797125,0.0604774854327,0.581875822467,0.990367313956,0.99145612797,0.0638219754376,1.21538463181,1.36299631492,0.0612157218509,1.17831685155,-10.1724343747,0.610166520596,7,1,0.113640758715,0.443401457518,0.279389926205
daly,5,hist_gradient_boosting,0.0906341326904,1.4373828446,2.79246363198,0.0714372383679,0.68507341341,0.984125759467,0.989514643252,0.0746468885713,1.4373828446,1.65145491202,0.0703328578197,1.35748441585,-16.0539474259,0.474496056091,8,2,0.113640758715,0.383973500867,0.202450478904
daly,5,xgboost,0.0923668459793,1.4514420706,2.8534522269,0.0721442152263,0.708467306807,0.983465955326,0.989174629427,0.0752245463573,1.4514420706,1.66592441952,0.0714388278758,1.35995740157,-15.7913048568,0.486765994741,9,3,0.113640758715,0.372196510569,0.187203191676
daly,5,random_forest,0.0952922636407,1.5177584674,2.8199311341,0.0755278380976,0.683636926115,0.983706531533,0.989093233927,0.0753447482832,1.5177584674,1.68256458764,0.0731865190252,1.47821551591,-16.4030861561,0.561787905346,6,4,0.113640758715,0.352312888947,0.161460511898
daly,5,gru,0.0964317891526,1.34348530873,2.19215789125,0.0668362040791,0.73936912252,0.990184088106,0.987221714703,0.0805769579122,1.34348530873,1.55605733616,0.0768964885276,1.27850231313,-18.8483629088,0.434881682734,10,5,0.113640758715,0.3445677063,0.151433075221
daly,5,pooled_ridge,0.113640758715,1.6100745347,2.70516442751,0.0800799666672,0.808731532533,0.985115929743,0.983667213633,0.0880839097804,1.6100745347,1.77780000559,0.0901458275071,1.62038446405,-31.8828613625,0.485013146363,3,6,0.113640758715,0.227600941587,0
daly,5,logtrend10,0.134472010653,1.76570290877,2.85863861688,0.0877862987892,0.976466308047,0.983399605451,0.974171302891,0.103755998585,1.76570290877,1.95780535253,0.102518536133,1.80051891302,-37.8799568338,0.474145486415,2,7,0.113640758715,0.0860140711385,-0.183307927302
daly,5,persistence,0.14712700317,2.07204037721,3.03278784396,0.103074053848,1.3027155407,0.981323329453,0.982316279244,0.125975835336,2.07204037721,2.22405545026,0.123967330338,2.08142958069,-23.9658431068,0.533041191937,0,8,0.113640758715,0,-0.29466755443
daly,5,logtrend5,0.152818546496,1.92893008184,3.141038624,0.0958284592714,1.06851493916,0.979969254334,0.969488925738,0.115448016581,1.92893008184,2.19810673102,0.109410847064,1.90482650659,-40.9643450702,0.318141980719,1,9,0.113640758715,-0.0386845596223,-0.34475119863
daly,5,ridge,0.273311385267,6.59705631354,24.7123887967,0.328973042548,2.56578663099,-0.422499417479,0.925208157445,0.226883377025,6.59705631354,7.128755314,0.246628670162,6.25198958446,-522.983761545,0.454513584575,4,10,0.113640758715,-0.857656170375,-1.40504717107
daly,5,elastic_net,0.274107450329,6.29109864618,20.2844645318,0.313440652713,2.54540166613,0.0667803939938,0.922800551658,0.22936200485,6.29109864618,6.62967282832,0.245942466198,5.96742868683,-372.689253789,0.504645048203,5,11,0.113640758715,-0.863066904269,-1.41205227269
death,1,gru,0.0139398774798,0.0155571109238,0.0315765798154,0.0216434296691,0.00818931126817,0.99817502788,0.997868823359,0.00984843649554,0.0155571109238,0.0187223678176,0.0236805266203,0.0135661765507,-0.111055207425,0.763716038563,10,1,0.0141180594851,0.0959418045176,0.0126208566751
death,1,pooled_ridge,0.0141180594851,0.0162124225743,0.030502412251,0.0225880576808,0.00874295530617,0.998304324372,0.997864666993,0.0103456434322,0.0162124225743,0.0191815447492,0.0278201178708,0.0142091513351,-0.281438141883,0.749342681858,3,2,0.0141180594851,0.084385971089,0
death,1,logtrend5,0.0147253869601,0.0165318701101,0.033290174237,0.023013998203,0.00829485256767,0.998007209792,0.997697488718,0.0104573412134,0.0165318701101,0.0197610266241,0.0254620696902,0.0145565741319,-0.289791042775,0.731463628396,1,3,0.0141180594851,0.0449982948425,-0.0430177727764
death,1,logtrend10,0.0147267975467,0.0169335049192,0.0321896855742,0.0235771482049,0.00943246746867,0.998132479398,0.99765096051,0.0106873268409,0.0169335049192,0.020095572006,0.0260090007398,0.015185426009,-0.467926876244,0.748641542507,2,4,0.0141180594851,0.0449068125195,-0.0431176864082
death,1,extra_trees,0.0153383987978,0.0185238495959,0.038157464881,0.0258061444425,0.00852886900483,0.997371386558,0.997804399687,0.0109609127132,0.0185238495959,0.0219603623804,0.0259780922972,0.0166152101104,-0.505765108051,0.716038562664,7,5,0.0141180594851,0.00524196437231,-0.0864381761504
death,1,persistence,0.0154192258303,0.0186951290865,0.0323154816233,0.026055288121,0.0110722952233,0.998104349248,0.997712844181,0.0119339267418,0.0186951290865,0.0219111895314,0.0308046800255,0.0171003775625,-0.0341326953922,0.756704645048,0,6,0.0141180594851,0,-0.0921632570325
death,1,random_forest,0.0160918971326,0.0194417128606,0.0414237142077,0.0270672734521,0.00896086158233,0.996963910201,0.997653731421,0.0113806926064,0.0194417128606,0.0230080625909,0.0266203376278,0.0170478472485,-0.678485529434,0.717090271691,6,7,0.0141180594851,-0.0436254913017,-0.139809415702
death,1,hist_gradient_boosting,0.0164421392179,0.0202773540967,0.043003512364,0.0282299843889,0.008592627933,0.996692604393,0.997771610577,0.0117030356882,0.0202773540967,0.0239183798711,0.0273916833189,0.0179953101333,-0.884214655085,0.707975460123,8,8,0.0141180594851,-0.0663401262099,-0.164617505346
death,1,xgboost,0.0186826810092,0.0229202955459,0.0692377054562,0.031834843761,0.0089366413655,0.991029147435,0.997808873346,0.0121545827414,0.0229202955459,0.0275498760061,0.0277166320399,0.0195104034211,-2.10576293492,0.707508463486,9,9,0.0141180594851,-0.211648445577,-0.3233179127
death,1,elastic_net,0.0627102119149,0.0964848711009,0.197257628325,0.134313081668,0.0569861493835,0.931475097749,0.977438899256,0.0501180734054,0.0964848711009,0.100208356307,0.156244477807,0.0948110283958,-106.49233852,0.622436459246,5,10,0.0141180594851,-3.06701429795,-3.44184358204
death,1,ridge,0.0630999584937,0.0973532908896,0.203535380603,0.135528070396,0.0565630529583,0.927072124317,0.977011601745,0.0504859666248,0.0973532908896,0.101186930594,0.159631575165,0.0954366700342,-108.701481198,0.588080631025,4,11,0.0141180594851,-3.09229096119,-3.4694498249
death,3,extra_trees,0.0264377586784,0.0315201663599,0.0529993227758,0.043914698226,0.017979111709,0.994976799097,0.993747209246,0.01981495186,0.0315201663599,0.036434363906,0.0503000055698,0.0297573708606,-4.51465276654,0.605959684487,7,1,0.0307895833387,0.261380394021,0.14134081038
death,3,random_forest,0.0280594351496,0.0353904470043,0.0588376068759,0.0493209281075,0.0195744125102,0.993823770779,0.993324760829,0.0214975023999,0.0353904470043,0.0405570064514,0.0539961201509,0.0337302083367,-5.3001133051,0.577212971078,6,2,0.0307895833387,0.216073904512,0.0886711638515
death,3,hist_gradient_boosting,0.0283812015678,0.0363674548621,0.0658103241174,0.0506419230888,0.0198792927518,0.99236607393,0.993460419995,0.0219287129651,0.0363674548621,0.0422791952533,0.0544449595944,0.0346546059977,-6.33787473041,0.531288343558,8,3,0.0307895833387,0.207084376015,0.0782206678291
death,3,gru,0.028886798741,0.0361668457643,0.060367103509,0.050385707757,0.0217956384257,0.993494107146,0.992690222293,0.0224084280306,0.0361668457643,0.0417975978368,0.0556967790499,0.0351300978673,-6.92630108698,0.60490797546,10,4,0.0307895833387,0.192958973428,0.0617996215421
death,3,xgboost,0.0299323449694,0.0372248037781,0.0808625130665,0.0517720309131,0.0197398018025,0.987332058825,0.99335385539,0.0222892465918,0.0372248037781,0.0446948607665,0.0544957657109,0.0337690284616,-7.09236017641,0.543908851884,9,5,0.0307895833387,0.163748443418,0.027841830787
death,3,pooled_ridge,0.0307895833387,0.0376909186265,0.0619639977227,0.0525195717657,0.0215052037612,0.993146989626,0.991754462681,0.0234730318928,0.0376909186265,0.0429553005066,0.0675764393129,0.0368911226026,-8.13040507164,0.553374233129,3,6,0.0307895833387,0.139798869088,0
death,3,logtrend10,0.0331886128826,0.0405288923263,0.0665785655801,0.05641131636,0.0219264708495,0.99218543223,0.989460148677,0.0249067775163,0.0405288923263,0.0458363707661,0.0635724770851,0.0409951796172,-9.09515237882,0.577563540754,2,7,0.0307895833387,0.0727746452132,-0.0779169213642
death,3,logtrend5,0.0349565314149,0.0434337803014,0.0734862503041,0.0604698093121,0.0237400166888,0.990489629016,0.98977557067,0.0264390102969,0.0434337803014,0.0496250715961,0.0661792525432,0.0434871115913,-9.32349295727,0.424364592463,1,8,0.0307895833387,0.0233824366805,-0.135336293134
death,3,persistence,0.0357934699598,0.0469637614969,0.0697034008929,0.0654313702338,0.0300026638033,0.991338142984,0.990926537675,0.0288308295701,0.0469637614969,0.0519241321701,0.0785349458115,0.0464087432782,-5.72612834468,0.616126205083,0,9,0.0307895833387,0,-0.162518815733
death,3,ridge,0.069364373344,0.107859835731,0.226768365454,0.150197577589,0.065648512735,0.907583722957,0.97090855562,0.0563360871763,0.107859835731,0.113972390799,0.174223902687,0.107150865335,-117.37427047,0.499035933392,4,10,0.0307895833387,-0.937905808569,-1.25285196558
death,3,elastic_net,0.0695542227305,0.107142802459,0.212269123577,0.149166862616,0.0683917254057,0.920107227238,0.971246029444,0.0560845647084,0.107142802459,0.112482411236,0.165428984433,0.10644399184,-115.459918354,0.546362839614,5,11,0.0307895833387,-0.943209831528,-1.25901799207
death,5,extra_trees,0.032080694863,0.0389997351591,0.0624694723647,0.054304149659,0.0225787914703,0.993090246725,0.9906278566,0.0241422083449,0.0389997351591,0.0438719526114,0.0632860547672,0.0370759739419,-7.97192845117,0.607011393514,7,1,0.0456389972986,0.413337861514,0.297077132236
death,5,gru,0.0337622920814,0.0422434300125,0.0699903994366,0.0587797477205,0.024913116964,0.991368807564,0.990559622925,0.0266678806668,0.0422434300125,0.0493265570208,0.069389532199,0.0401892505551,-10.5087715146,0.494829097283,10,2,0.0456389972986,0.38258636363,0.260231510774
death,5,xgboost,0.0357802249688,0.0452030095053,0.0717391935536,0.0629318399335,0.0271721198413,0.990943817833,0.988766266472,0.0278002182123,0.0452030095053,0.0513281805181,0.0723143481757,0.0425482405951,-10.1715252065,0.519719544259,9,3,0.0456389972986,0.345684269454,0.216016409504
death,5,random_forest,0.0358812748626,0.0454124610562,0.0732267699556,0.0632321879922,0.02652863297,0.9904419438,0.988290708935,0.0276372595568,0.0454124610562,0.051112057172,0.0722588062713,0.0431603240873,-10.493947353,0.549517966696,6,4,0.0456389972986,0.343836362262,0.21380229658
death,5,hist_gradient_boosting,0.0361031631593,0.0471206557568,0.0827630287773,0.0655464531517,0.0249775353117,0.987740820631,0.988699880072,0.0283438783846,0.0471206557568,0.0545961954112,0.0708644066638,0.0434708200557,-11.0643485817,0.514811568799,8,5,0.0456389972986,0.339778673884,0.208940483001
death,5,pooled_ridge,0.0456389972986,0.05660881159,0.0896039210753,0.0787667512872,0.0321480192066,0.985875771545,0.983161060624,0.0344446678374,0.05660881159,0.0625211599826,0.10544003199,0.0572105551328,-23.2819027825,0.509903593339,3,6,0.0456389972986,0.16539614033,0
death,5,logtrend10,0.0503728563502,0.0628716186218,0.0999770666185,0.087463223998,0.0352785627283,0.982406869682,0.976464924168,0.0379001756732,0.0628716186218,0.0697885609826,0.10043626751,0.0643091366322,-23.9700410391,0.49342681858,2,7,0.0456389972986,0.078827695152,-0.103723993335
death,5,persistence,0.0546834246808,0.0733741082245,0.104691143503,0.102151358163,0.0492874211017,0.980693802644,0.982142058238,0.0442843937799,0.0733741082245,0.0787061342332,0.123367750093,0.0737760185311,-17.8695623596,0.546012269939,0,8,0.0456389972986,0,-0.19817322723
death,5,logtrend5,0.0569253568558,0.0691540391051,0.110969112282,0.096113215136,0.0394509810132,0.978269905024,0.971523235962,0.0427784317196,0.0691540391051,0.0787252232234,0.108306099477,0.0675428779966,-27.4998604245,0.316739702016,1,9,0.0456389972986,-0.040998386405,-0.24729639618
death,5,elastic_net,0.0771407984547,0.120952707062,0.257372615849,0.168518182672,0.0768101162967,0.875526340452,0.96400194541,0.0616142304441,0.120952707062,0.127747918157,0.180281432438,0.119195748782,-126.555472647,0.522524101665,5,10,0.0456389972986,-0.41067972434,-0.690238677901
death,5,ridge,0.0776558482267,0.119860257087,0.234211969334,0.166850865924,0.0778987918895,0.901919918124,0.961492193104,0.0628394652185,0.119860257087,0.125031827929,0.190416811539,0.121194886962,-125.033518607,0.562839614373,4,11,0.0456389972986,-0.420098479202,-0.70152397781
